relative_path,size_bytes,sha256,extension,candidate_dataset,candidate_split,detected_schema
dstc11/dstc11-track5-main/__init__.py,0,e3b0c44298fc1c149afbf4c8996fb92427ae41e4649b934ca495991b7852b855,.py,DSTC11,test/other,not-json
dstc11/dstc11-track5-main/baseline/__init__.py,0,e3b0c44298fc1c149afbf4c8996fb92427ae41e4649b934ca495991b7852b855,.py,DSTC11,test/other,not-json
dstc11/dstc11-track5-main/baseline/configs/detection/params.json,423,75809f4ff13b5feb82f33f34cdb24a91e4d48a55458e529f6bd0dc9cd5b11858,.json,DSTC11,test/other,"top_level=object; sample_keys=adam_epsilon,dataset_args,fp16,gradient_accumulation_steps,history_max_tokens,history_utterances,learning_rate,max_grad_norm,model_name_or_path,num_train_epochs,per_gpu_eval_batch_size,per_gpu_train_batch_size,seed,task,warmup_steps"
dstc11/dstc11-track5-main/baseline/configs/generation/generation_params.json,81,5d512780b78943168ed9d9b73279fc0b296c22411da7be4f99001cf4b8028b16,.json,DSTC11,test/other,"top_level=object; sample_keys=do_sample,max_length,min_length,num_beams"
dstc11/dstc11-track5-main/baseline/configs/generation/params.json,459,cc017a618e05a1215b9ee4431fb36def539dc5d385f65d561b1d2abb7fc0928a,.json,DSTC11,test/other,"top_level=object; sample_keys=adam_epsilon,dataset_args,fp16,gradient_accumulation_steps,history_max_tokens,history_max_utterances,knowledge_max_tokens,learning_rate,max_grad_norm,model_name_or_path,num_train_epochs,per_gpu_eval_batch_size,per_gpu_train_batch_size,seed,task,warmup_steps"
dstc11/dstc11-track5-main/baseline/configs/selection/params.json,670,9bbace5581754b65c02ad060ef8d8e84a10e3300354a5a56b69f0e385106e16c,.json,DSTC11,test/other,"top_level=object; sample_keys=adam_epsilon,dataset_args,eval_all_snippets,eval_threshold,fp16,gradient_accumulation_steps,history_max_tokens,history_max_utterances,knowledge_max_tokens,learning_rate,max_candidates_per_forward_eval,max_candidates_per_forward_train,max_grad_norm,model_name_or_path,n_candidates,negative_sample_method,num_train_epochs,per_gpu_eval_batch_size,per_gpu_train_batch_size,seed"
dstc11/dstc11-track5-main/baseline/dataset.py,19532,83c59d72b1e3deeeb0d5ce3a855ac84fc87bb8d535eb12cdbd70dfaec692a0bd,.py,DSTC11,test/other,not-json
dstc11/dstc11-track5-main/baseline/entity_matching.py,6053,e31f965a77b729a5bad920d770ade7e5c045064bbf02c7eed171da1b0348bfcf,.py,DSTC11,test/other,not-json
dstc11/dstc11-track5-main/baseline/generate.py,7835,b67bb2216de14028511d20ec8f7c97383531cc2be20e747648b5242f6306ca69,.py,DSTC11,test/other,not-json
dstc11/dstc11-track5-main/baseline/main.py,18863,9e2238719a57da39d820832c75d7d9865e75e172f3e9735a6568bd928b027296,.py,DSTC11,test/other,not-json
dstc11/dstc11-track5-main/baseline/README.md,1690,be82e1305ac600a60e20c00902a5d4bd321525478695907319889dac6f322b96,.md,DSTC11,test/other,not-json
dstc11/dstc11-track5-main/baseline/resources/entity_mapping.json,28003,156b0ebed72a85c222e7c4944d7694896bf779afc16261b2690c521ff99cc4e2,.json,DSTC11,test/other,"top_level=object; sample_keys=adc,architecture,boat,boating,camboats,centre,cheap,cinema,college,concert,concerthall,east,entertainment,expensive,gallery,gastropubs,hotel,moderate,museum,north"
dstc11/dstc11-track5-main/baseline/utils/__init__.py,0,e3b0c44298fc1c149afbf4c8996fb92427ae41e4649b934ca495991b7852b855,.py,DSTC11,test/other,not-json
dstc11/dstc11-track5-main/baseline/utils/argument.py,2274,acf41b3594b6a1a580813ea6f61c35daae805aff0a02fffaf507897e3b8ed9d7,.py,DSTC11,test/other,not-json
dstc11/dstc11-track5-main/baseline/utils/data.py,5514,e69d248e7717ece28877555f6e7a0b9d5a0080b75a9527902cc2bf947daf86bd,.py,DSTC11,test/other,not-json
dstc11/dstc11-track5-main/baseline/utils/metrics.py,7988,62a0ab67da84e5fdd845ae147cd4f918b4982c497b85e8a0dbdb85d9930afe41,.py,DSTC11,test/other,not-json
dstc11/dstc11-track5-main/baseline/utils/model.py,5106,f817f35990fbef059d825d40386cb98286d66f6b69de46809d3ec4febe8e3b87,.py,DSTC11,test/other,not-json
dstc11/dstc11-track5-main/baseline.py,179,5d96742a52561d593ef7405a7129d73b6f48a84e78ee8df2a9497a93de116652,.py,DSTC11,test/other,not-json
dstc11/dstc11-track5-main/bin/run_baseline_eval.sh,2603,166e957229026d9079e9716995a2593c3179e0f61e736705714f0e5fd26ad2ac,.sh,DSTC11,test/other,not-json
dstc11/dstc11-track5-main/bin/run_baseline_training.sh,1437,eb5c848ea6bb1af47e602d201e05e9a6598d7f6d97c8cf38dc940c44420085d3,.sh,DSTC11,test/other,not-json
dstc11/dstc11-track5-main/CODE_OF_CONDUCT.md,309,34b6c98d5c23127ae6769e95e483e5bf6d3704ae1f0d3ae4e69d15f4ede118b6,.md,DSTC11,test/other,not-json
dstc11/dstc11-track5-main/CONTRIBUTING.md,3207,33fd57b0221225bc00fd33acebc0359094f17d538d4e6f2fb1411532429ba3b5,.md,DSTC11,test/other,not-json
dstc11/dstc11-track5-main/data/knowledge.json,1549258,a7e024a7d249b75f79fe85aed073cd79648b965ff30166fec420288703f38b99,.json,DSTC11,test/other,"top_level=object; sample_keys=answer,faqs,hotel,name,question,reviews,sentences,traveler_type"
dstc11/dstc11-track5-main/data/output_schema.json,1387,f7b14d6508e5c6abddaafb707e84cd32ecf854d4b473a2c7ac61e811a26766d4,.json,DSTC11,test/other,"top_level=object; sample_keys=const,doc_id,doc_type,domain,entity_id,enum,if,items,knowledge,minLength,properties,required,response,sent_id,target,then,type"
dstc11/dstc11-track5-main/data/README.md,3934,6b3b02ffc0cec9d739f46d97ea1343b43eb4de0aefd8631d031985cf64788a4e,.md,DSTC11,test/other,not-json
dstc11/dstc11-track5-main/data/test/labels.json,2343577,5c44cb745f2007152e7e1e684a2815f2e7a4c7678245603ffd3c4433ba511a87,.json,DSTC11,test/other,"top_level=array; sample_keys=doc_id,doc_type,domain,entity_id,knowledge,response,sent_id,target"
dstc11/dstc11-track5-main/data/test/logs.json,5258826,32ad3bb364d3e964b711493ee7aeee554724030c17b0626e72ede0944c7d8175,.json,DSTC11,test/other,"top_level=array; sample_keys=speaker,text"
dstc11/dstc11-track5-main/data/train/labels.json,11492551,daf117b0850ec49f7897e44f8463074ccdf946b80a8c38ad893d74da93020901,.json,DSTC11,train,"top_level=array; sample_keys=doc_id,doc_type,domain,entity_id,knowledge,response,sent_id,target"
dstc11/dstc11-track5-main/data/train/logs.json,26723042,8ada95996bea9d3bc8a0751665ce7fb3c128b18b590a5ff6b4283c17a63633c0,.json,DSTC11,train,"top_level=array; sample_keys=speaker,text"
dstc11/dstc11-track5-main/data/val/labels.json,1731469,e77ef9509bdcba2aa61f6c1fbfe5a188058c05e7bcff80305ab4b7da8f6c7b6d,.json,DSTC11,validation,"top_level=array; sample_keys=doc_id,doc_type,domain,entity_id,knowledge,response,sent_id,target"
dstc11/dstc11-track5-main/data/val/logs.json,4062891,69aea58e787171e4681c0d80359967806fd63a04ffd8b0b20eb13bfb1df77bdc,.json,DSTC11,validation,"top_level=array; sample_keys=speaker,text"
dstc11/dstc11-track5-main/DATALICENSE,11414,e7465aea96ca573fa556b5722bc8a4a473a90c1515fd27c986bb23e634761c8c,,DSTC11,test/other,not-json
dstc11/dstc11-track5-main/NOTICE,67,d4290ed64c2edd0fce1d84e3f9dfb2881240fe534def76b8cd29ed6af683e287,,DSTC11,test/other,not-json
dstc11/dstc11-track5-main/README.md,9222,b2230fc1af7026a95c6502d1ab1dfb84e2fa888542c51cf57143248c49135139,.md,DSTC11,test/other,not-json
dstc11/dstc11-track5-main/requirements.txt,205,a1d54045cec02f813a94d34e9e9ea1b56a846791df9bd946f71b162958ecdc8a,.txt,DSTC11,test/other,not-json
dstc11/dstc11-track5-main/results/score.csv,12747,1a0296fabfbea4fdd5b919facaf0e5e74f64316cd11bfce7e47905dba380e659,.csv,DSTC11,test/other,not-json
dstc11/dstc11-track5-main/results/team00/entry0.check,38,8cd4c7407e6dca27b0d5a0bf0966ae77459f74fb56c8a4434c1f15057924c574,.check,DSTC11,test/other,not-json
dstc11/dstc11-track5-main/results/team00/entry0.human_eval.json,381634,a254e9e352801bc74170f209335c4d8793093ae44179c8c576880f3bfde7b0be,.json,DSTC11,test/other,"top_level=array; sample_keys=accuracy,appropriateness"
dstc11/dstc11-track5-main/results/team00/entry0.json,2352867,60c9bc60e42b05b4778c418061aa37c7e0c738c7acc136483db94125fd0a68e0,.json,DSTC11,test/other,"top_level=array; sample_keys=doc_id,doc_type,domain,entity_id,knowledge,response,sent_id,target"
dstc11/dstc11-track5-main/results/team00/entry0.metadata.json,552,c5fefacb5c57344fda1828cc6f1c7558a1e7256bd658479960e7e83bd3d34b16,.json,DSTC11,test/other,"top_level=object; sample_keys=desc,ensemble,external_api,pretrained,subtask1,subtask2,subtask3"
dstc11/dstc11-track5-main/results/team00/entry0.score.json,460,b1abf3b1a84673f853dceaa3050d49942b5c7e78368562f0a4ef32f389d89c13,.json,DSTC11,test/other,"top_level=object; sample_keys=bleu,detection,em_acc,f1,generation,meteor,prec,rec,rouge_1,rouge_2,rouge_l,selection"
dstc11/dstc11-track5-main/results/team01/entry0.check,38,8cd4c7407e6dca27b0d5a0bf0966ae77459f74fb56c8a4434c1f15057924c574,.check,DSTC11,test/other,not-json
dstc11/dstc11-track5-main/results/team01/entry0.json,1843231,e32da3bd8e766263c963fc15d1da786b6676c01f7c1dd68845b3a3836f0d4c4d,.json,DSTC11,test/other,"top_level=array; sample_keys=doc_id,doc_type,domain,entity_id,knowledge,response,sent_id,target"
dstc11/dstc11-track5-main/results/team01/entry0.metadata.json,648,882aa2ab8c7bf4fde29f69bb200f74fe947501303fcb7873d25200246765666e,.json,DSTC11,test/other,"top_level=object; sample_keys=desc,ensemble,external_api,pretrained,subtask1,subtask2,subtask3"
dstc11/dstc11-track5-main/results/team01/entry0.score.json,458,6b50b9138d7a2e642baef2438965de85fda647e205c7512da72326da0d4c8b1c,.json,DSTC11,test/other,"top_level=object; sample_keys=bleu,detection,em_acc,f1,generation,meteor,prec,rec,rouge_1,rouge_2,rouge_l,selection"
dstc11/dstc11-track5-main/results/team02/entry0.check,38,8cd4c7407e6dca27b0d5a0bf0966ae77459f74fb56c8a4434c1f15057924c574,.check,DSTC11,test/other,not-json
dstc11/dstc11-track5-main/results/team02/entry0.json,2264640,612e964ae18142ea7cbc6e49efd9e425ea971f6adb6b7365f9710f69a54a680e,.json,DSTC11,test/other,"top_level=array; sample_keys=doc_id,doc_type,domain,entity_id,knowledge,response,sent_id,target"
dstc11/dstc11-track5-main/results/team02/entry0.metadata.json,757,c37b1ca06f2b611229226fab895431600cb7a86629ea72f34e5dd903c3e9c3f7,.json,DSTC11,test/other,"top_level=object; sample_keys=desc,ensemble,external_api,pretrained,subtask1,subtask2,subtask3"
dstc11/dstc11-track5-main/results/team02/entry0.score.json,461,b43d24bd56b2c626dd150b43b89f626704df1b4b5886da9534655ed99b044797,.json,DSTC11,test/other,"top_level=object; sample_keys=bleu,detection,em_acc,f1,generation,meteor,prec,rec,rouge_1,rouge_2,rouge_l,selection"
dstc11/dstc11-track5-main/results/team02/entry1.check,38,8cd4c7407e6dca27b0d5a0bf0966ae77459f74fb56c8a4434c1f15057924c574,.check,DSTC11,test/other,not-json
dstc11/dstc11-track5-main/results/team02/entry1.json,2909507,e47390a99a7b842509bcca1993856928862e17284b7ff939418c6fe5a8510fbe,.json,DSTC11,test/other,"top_level=array; sample_keys=doc_id,doc_type,domain,entity_id,knowledge,response,sent_id,target"
dstc11/dstc11-track5-main/results/team02/entry1.metadata.json,767,b90b1751c0cc8a0b3b29488db48bf36122aa9ffefdb26f89cde8df90bba1fc21,.json,DSTC11,test/other,"top_level=object; sample_keys=desc,ensemble,external_api,pretrained,subtask1,subtask2,subtask3"
dstc11/dstc11-track5-main/results/team02/entry1.score.json,460,0c78bfae3284eef160e29fde8854fda0688fd50f60ddc199a1707c0a245a6aa6,.json,DSTC11,test/other,"top_level=object; sample_keys=bleu,detection,em_acc,f1,generation,meteor,prec,rec,rouge_1,rouge_2,rouge_l,selection"
dstc11/dstc11-track5-main/results/team02/entry2.check,38,8cd4c7407e6dca27b0d5a0bf0966ae77459f74fb56c8a4434c1f15057924c574,.check,DSTC11,test/other,not-json
dstc11/dstc11-track5-main/results/team02/entry2.json,2938371,cdbf4bb39513b64cd8fd92d20e91e2ae9f6610b405bdf84ca9bc9cd3060fc01a,.json,DSTC11,test/other,"top_level=array; sample_keys=doc_id,doc_type,domain,entity_id,knowledge,response,sent_id,target"
dstc11/dstc11-track5-main/results/team02/entry2.metadata.json,920,e4a5dcdd29bb4b1b738590781235d5e29b6fca63b5e4f65b7acd9f0ff6ec661c,.json,DSTC11,test/other,"top_level=object; sample_keys=desc,ensemble,external_api,pretrained,subtask1,subtask2,subtask3"
dstc11/dstc11-track5-main/results/team02/entry2.score.json,460,75f5c589d5cea4fdb60b4f6765cab25e40781eb02c8bca7892fac86d855dc66c,.json,DSTC11,test/other,"top_level=object; sample_keys=bleu,detection,em_acc,f1,generation,meteor,prec,rec,rouge_1,rouge_2,rouge_l,selection"
dstc11/dstc11-track5-main/results/team02/entry3.check,38,8cd4c7407e6dca27b0d5a0bf0966ae77459f74fb56c8a4434c1f15057924c574,.check,DSTC11,test/other,not-json
dstc11/dstc11-track5-main/results/team02/entry3.human_eval.json,381876,e323b76b872c92f5116ff607abdc6138cd3483b648342d96c3c704b49caa4a24,.json,DSTC11,test/other,"top_level=array; sample_keys=accuracy,appropriateness"
dstc11/dstc11-track5-main/results/team02/entry3.json,2924685,e23cd01e77042301063e77597f48d0ecb7576fe8c778f7401fca736431a5ab13,.json,DSTC11,test/other,"top_level=array; sample_keys=doc_id,doc_type,domain,entity_id,knowledge,response,sent_id,target"
dstc11/dstc11-track5-main/results/team02/entry3.metadata.json,989,96375b769bb9556469a9ed2c29a7c87abcae7374f50d2f87613bf16a6f6f761a,.json,DSTC11,test/other,"top_level=object; sample_keys=desc,ensemble,external_api,pretrained,subtask1,subtask2,subtask3"
dstc11/dstc11-track5-main/results/team02/entry3.score.json,461,09eeb0449d44a242fbafc5ddd8c18b7c18cc7f2d4724c77617060269ef291592,.json,DSTC11,test/other,"top_level=object; sample_keys=bleu,detection,em_acc,f1,generation,meteor,prec,rec,rouge_1,rouge_2,rouge_l,selection"
dstc11/dstc11-track5-main/results/team03/entry0.check,38,8cd4c7407e6dca27b0d5a0bf0966ae77459f74fb56c8a4434c1f15057924c574,.check,DSTC11,test/other,not-json
dstc11/dstc11-track5-main/results/team03/entry0.json,3228155,0590267c0336bca1f5dee8aa6a352c373293182a33a2f86a339331b4652767f0,.json,DSTC11,test/other,"top_level=array; sample_keys=doc_id,doc_type,domain,entity_id,knowledge,response,sent_id,target"
dstc11/dstc11-track5-main/results/team03/entry0.metadata.json,618,238d75fafee3fa037aa33d99e47b5db480897de3c1f9ab1b4f145b9101488497,.json,DSTC11,test/other,"top_level=object; sample_keys=desc,ensemble,external_api,pretrained,subtask1,subtask2,subtask3"
dstc11/dstc11-track5-main/results/team03/entry0.score.json,461,5ed99f004920452eb99d739553e155b2645b2c5e6dbc3822bbf0752ae494091a,.json,DSTC11,test/other,"top_level=object; sample_keys=bleu,detection,em_acc,f1,generation,meteor,prec,rec,rouge_1,rouge_2,rouge_l,selection"
dstc11/dstc11-track5-main/results/team03/entry1.check,38,8cd4c7407e6dca27b0d5a0bf0966ae77459f74fb56c8a4434c1f15057924c574,.check,DSTC11,test/other,not-json
dstc11/dstc11-track5-main/results/team03/entry1.json,3221124,f6bac835864a4c5534eac22e74b57705af2daae7c6d0483533f19d136f24dc48,.json,DSTC11,test/other,"top_level=array; sample_keys=doc_id,doc_type,domain,entity_id,knowledge,response,sent_id,target"
dstc11/dstc11-track5-main/results/team03/entry1.metadata.json,615,ec97b3930c674688426462ae7ca900b49134a222dc1102055c0078b8b5b83613,.json,DSTC11,test/other,"top_level=object; sample_keys=desc,ensemble,external_api,pretrained,subtask1,subtask2,subtask3"
dstc11/dstc11-track5-main/results/team03/entry1.score.json,458,af04bf6b8403484e19a2fa08ed5f503585b9489f02bef06e3a6377e909cab70b,.json,DSTC11,test/other,"top_level=object; sample_keys=bleu,detection,em_acc,f1,generation,meteor,prec,rec,rouge_1,rouge_2,rouge_l,selection"
dstc11/dstc11-track5-main/results/team04/entry0.check,38,8cd4c7407e6dca27b0d5a0bf0966ae77459f74fb56c8a4434c1f15057924c574,.check,DSTC11,test/other,not-json
dstc11/dstc11-track5-main/results/team04/entry0.json,2312736,e6f2ae7c47facd7da3c35d8c7d6b7e2e810a59fbc5f8531a14e6fd742cf494c3,.json,DSTC11,test/other,"top_level=array; sample_keys=doc_id,doc_type,domain,entity_id,knowledge,response,sent_id,target"
dstc11/dstc11-track5-main/results/team04/entry0.metadata.json,577,8d5fe03a3445e2356247fdc9e45b4fdb046985797e1d0f6ef42e507b07d6e59e,.json,DSTC11,test/other,"top_level=object; sample_keys=desc,ensemble,external_api,pretrained,subtask1,subtask2,subtask3"
dstc11/dstc11-track5-main/results/team04/entry0.score.json,460,9e9655ad474b6513b6f9fc09edbd253100951877cb799c3cf5b889a884ef03dd,.json,DSTC11,test/other,"top_level=object; sample_keys=bleu,detection,em_acc,f1,generation,meteor,prec,rec,rouge_1,rouge_2,rouge_l,selection"
dstc11/dstc11-track5-main/results/team04/entry1.check,38,8cd4c7407e6dca27b0d5a0bf0966ae77459f74fb56c8a4434c1f15057924c574,.check,DSTC11,test/other,not-json
dstc11/dstc11-track5-main/results/team04/entry1.json,2402047,4ecb86502193d251e41edf9bf23d6021bddafb0971fe27eb4ac580d4d1c793ff,.json,DSTC11,test/other,"top_level=array; sample_keys=doc_id,doc_type,domain,entity_id,knowledge,response,sent_id,target"
dstc11/dstc11-track5-main/results/team04/entry1.metadata.json,583,170843d0e3e96d14e8ce0d512b38de0db3b72dc77875d70258b6f819d9164fcf,.json,DSTC11,test/other,"top_level=object; sample_keys=desc,ensemble,external_api,pretrained,subtask1,subtask2,subtask3"
dstc11/dstc11-track5-main/results/team04/entry1.score.json,460,c860de834ce55100868c99328b4a5586f203233bd1a93c6167af692262ecb88f,.json,DSTC11,test/other,"top_level=object; sample_keys=bleu,detection,em_acc,f1,generation,meteor,prec,rec,rouge_1,rouge_2,rouge_l,selection"
dstc11/dstc11-track5-main/results/team04/entry2.check,38,8cd4c7407e6dca27b0d5a0bf0966ae77459f74fb56c8a4434c1f15057924c574,.check,DSTC11,test/other,not-json
dstc11/dstc11-track5-main/results/team04/entry2.json,2285837,cc3149a6433f14255ea53a1c13d7621e8a9fead6ad051c83d59639a2a82a10ef,.json,DSTC11,test/other,"top_level=array; sample_keys=doc_id,doc_type,domain,entity_id,knowledge,response,sent_id,target"
dstc11/dstc11-track5-main/results/team04/entry2.metadata.json,565,d7e5881125e890e01c113c8d4fcc952eb9fe5c889c62534e22fcd5322352cb78,.json,DSTC11,test/other,"top_level=object; sample_keys=desc,ensemble,external_api,pretrained,subtask1,subtask2,subtask3"
dstc11/dstc11-track5-main/results/team04/entry2.score.json,461,775396bdf92fef8fa1955e62ee9919fb66f0234761f1048ad2442d8f25ea21c6,.json,DSTC11,test/other,"top_level=object; sample_keys=bleu,detection,em_acc,f1,generation,meteor,prec,rec,rouge_1,rouge_2,rouge_l,selection"
dstc11/dstc11-track5-main/results/team04/entry3.check,38,8cd4c7407e6dca27b0d5a0bf0966ae77459f74fb56c8a4434c1f15057924c574,.check,DSTC11,test/other,not-json
dstc11/dstc11-track5-main/results/team04/entry3.json,2530121,4c27a1fb4ef7341519ddb0649fbb6105b56de019bb5d797a261102423b8abeb7,.json,DSTC11,test/other,"top_level=array; sample_keys=doc_id,doc_type,domain,entity_id,knowledge,response,sent_id,target"
dstc11/dstc11-track5-main/results/team04/entry3.metadata.json,585,662ab04cb29c92f89244d2e935dc442f77e3e00528da815a7907191223be2d23,.json,DSTC11,test/other,"top_level=object; sample_keys=desc,ensemble,external_api,pretrained,subtask1,subtask2,subtask3"
dstc11/dstc11-track5-main/results/team04/entry3.score.json,461,3919b5d7720643c6d02032a3e365e956da69c00085f38c0fa8f166eb8cdaa53b,.json,DSTC11,test/other,"top_level=object; sample_keys=bleu,detection,em_acc,f1,generation,meteor,prec,rec,rouge_1,rouge_2,rouge_l,selection"
dstc11/dstc11-track5-main/results/team04/entry4.check,38,8cd4c7407e6dca27b0d5a0bf0966ae77459f74fb56c8a4434c1f15057924c574,.check,DSTC11,test/other,not-json
dstc11/dstc11-track5-main/results/team04/entry4.json,2478609,a5132fbbbc1315b96a6a940c7977b8ed1d80ae47462c4789881f92cf8690f4c4,.json,DSTC11,test/other,"top_level=array; sample_keys=doc_id,doc_type,domain,entity_id,knowledge,response,sent_id,target"
dstc11/dstc11-track5-main/results/team04/entry4.metadata.json,582,bc20f7b4c28a34123401861ad74893d61ca9b53c5200a744b056bdf5d90698fc,.json,DSTC11,test/other,"top_level=object; sample_keys=desc,ensemble,external_api,pretrained,subtask1,subtask2,subtask3"
dstc11/dstc11-track5-main/results/team04/entry4.score.json,459,14c0aadb6ac32926e96834146bbe0bbb9604e8f72ef24e5037afdbbbdf5b5cc7,.json,DSTC11,test/other,"top_level=object; sample_keys=bleu,detection,em_acc,f1,generation,meteor,prec,rec,rouge_1,rouge_2,rouge_l,selection"
dstc11/dstc11-track5-main/results/team05/entry0.check,38,8cd4c7407e6dca27b0d5a0bf0966ae77459f74fb56c8a4434c1f15057924c574,.check,DSTC11,test/other,not-json
dstc11/dstc11-track5-main/results/team05/entry0.json,2521685,8c7e9ed25294ad7610c11e7370ad04a428adabf56f881efdf3b6dee874866676,.json,DSTC11,test/other,"top_level=array; sample_keys=doc_id,doc_type,domain,entity_id,knowledge,response,sent_id,target"
dstc11/dstc11-track5-main/results/team05/entry0.metadata.json,996,5f59af03ce96f2ccf58d87805ab34d563f9333854015e76fcc906c1c5a8c0074,.json,DSTC11,test/other,"top_level=object; sample_keys=desc,ensemble,external_api,pretrained,subtask1,subtask2,subtask3"
dstc11/dstc11-track5-main/results/team05/entry0.score.json,447,45355bc58ac75784b99eec03de4e93dd1ac27597d3269a86a8c8c9bfdb5510a8,.json,DSTC11,test/other,"top_level=object; sample_keys=bleu,detection,em_acc,f1,generation,meteor,prec,rec,rouge_1,rouge_2,rouge_l,selection"
dstc11/dstc11-track5-main/results/team05/entry1.check,38,8cd4c7407e6dca27b0d5a0bf0966ae77459f74fb56c8a4434c1f15057924c574,.check,DSTC11,test/other,not-json
dstc11/dstc11-track5-main/results/team05/entry1.json,2374176,f892ff94d1bcd69efeda0eeb124231d16cefc67756495ca5a98763550f536f97,.json,DSTC11,test/other,"top_level=array; sample_keys=doc_id,doc_type,domain,entity_id,knowledge,response,sent_id,target"
dstc11/dstc11-track5-main/results/team05/entry1.metadata.json,880,f376481716124d52820236c339073f80be490d4eb14c24e1c9545e701c59c66e,.json,DSTC11,test/other,"top_level=object; sample_keys=desc,ensemble,external_api,pretrained,subtask1,subtask2,subtask3"
dstc11/dstc11-track5-main/results/team05/entry1.score.json,459,e30b15e31de1b67244f47eb9389e5055bb1287adc404cfd863535aa981838d75,.json,DSTC11,test/other,"top_level=object; sample_keys=bleu,detection,em_acc,f1,generation,meteor,prec,rec,rouge_1,rouge_2,rouge_l,selection"
dstc11/dstc11-track5-main/results/team05/entry2.check,38,8cd4c7407e6dca27b0d5a0bf0966ae77459f74fb56c8a4434c1f15057924c574,.check,DSTC11,test/other,not-json
dstc11/dstc11-track5-main/results/team05/entry2.json,2898835,a19bca0e5c2a823d6572a7d0392c9ff5f420471dce486ace4fbacb001d847e7c,.json,DSTC11,test/other,"top_level=array; sample_keys=doc_id,doc_type,domain,entity_id,knowledge,response,sent_id,target"
dstc11/dstc11-track5-main/results/team05/entry2.metadata.json,904,f5d0ab50675fb6424316690a13bb99fccb159766497886fe522765581f3a4abf,.json,DSTC11,test/other,"top_level=object; sample_keys=desc,ensemble,external_api,pretrained,subtask1,subtask2,subtask3"
dstc11/dstc11-track5-main/results/team05/entry2.score.json,456,2c5c94e97b9a5a1f3ac4cd45cee00663a5bf2fb5c0a5cd2e27a14cdfd9b8e485,.json,DSTC11,test/other,"top_level=object; sample_keys=bleu,detection,em_acc,f1,generation,meteor,prec,rec,rouge_1,rouge_2,rouge_l,selection"
dstc11/dstc11-track5-main/results/team06/entry0.check,38,8cd4c7407e6dca27b0d5a0bf0966ae77459f74fb56c8a4434c1f15057924c574,.check,DSTC11,test/other,not-json
dstc11/dstc11-track5-main/results/team06/entry0.human_eval.json,382239,a90fd20db8d4ccfd30c3d7c884c94a0bfcc8573de76c4b52d501aa1568aa2803,.json,DSTC11,test/other,"top_level=array; sample_keys=accuracy,appropriateness"
dstc11/dstc11-track5-main/results/team06/entry0.json,2576190,60b30fa823f89241da0ad688ce772cf94918379e053bea53ec814aef880ebb9b,.json,DSTC11,test/other,"top_level=array; sample_keys=doc_id,doc_type,domain,entity_id,knowledge,response,sent_id,target"
dstc11/dstc11-track5-main/results/team06/entry0.metadata.json,1152,d1a6b1b68d0ecad67d54c45838800b12362afa4d3cb4322322339942b7af1c80,.json,DSTC11,test/other,"top_level=object; sample_keys=desc,ensemble,external_api,pretrained,subtask1,subtask2,subtask3"
dstc11/dstc11-track5-main/results/team06/entry0.score.json,461,177c1dc10170da4997cf6f6058b6030b280e791b0ac4e7a9d7970295c8ff53b4,.json,DSTC11,test/other,"top_level=object; sample_keys=bleu,detection,em_acc,f1,generation,meteor,prec,rec,rouge_1,rouge_2,rouge_l,selection"
dstc11/dstc11-track5-main/results/team06/entry1.check,38,8cd4c7407e6dca27b0d5a0bf0966ae77459f74fb56c8a4434c1f15057924c574,.check,DSTC11,test/other,not-json
dstc11/dstc11-track5-main/results/team06/entry1.json,2739664,e4386c2eea341d2c5e961e8050db005ab515c6be8816f2828c4952603a8a0017,.json,DSTC11,test/other,"top_level=array; sample_keys=doc_id,doc_type,domain,entity_id,knowledge,response,sent_id,target"
dstc11/dstc11-track5-main/results/team06/entry1.metadata.json,1183,bca971b93f83326399c6982ed8e15d8e22b996a35e98e471124549ee4abbae00,.json,DSTC11,test/other,"top_level=object; sample_keys=desc,ensemble,external_api,pretrained,subtask1,subtask2,subtask3"
dstc11/dstc11-track5-main/results/team06/entry1.score.json,460,3bf0ef37c8bf215e75d550bba83f871a12955a6297a7360c926aae6e28c71727,.json,DSTC11,test/other,"top_level=object; sample_keys=bleu,detection,em_acc,f1,generation,meteor,prec,rec,rouge_1,rouge_2,rouge_l,selection"
dstc11/dstc11-track5-main/results/team06/entry2.check,38,8cd4c7407e6dca27b0d5a0bf0966ae77459f74fb56c8a4434c1f15057924c574,.check,DSTC11,test/other,not-json
dstc11/dstc11-track5-main/results/team06/entry2.json,2554386,ef7b166fa40a407e838dc92f97f6783e320e2c650e94798adedc7950d00d9e45,.json,DSTC11,test/other,"top_level=array; sample_keys=doc_id,doc_type,domain,entity_id,knowledge,response,sent_id,target"
dstc11/dstc11-track5-main/results/team06/entry2.metadata.json,1285,15c992994ac1ea40482f364796332b44e938ac8844768af5851f7bc427e0dc79,.json,DSTC11,test/other,"top_level=object; sample_keys=desc,ensemble,external_api,pretrained,subtask1,subtask2,subtask3"
dstc11/dstc11-track5-main/results/team06/entry2.score.json,460,71bacb63bfafabafce700878caf0dd997fdbbbcb9d74fc663417ff13be091ac3,.json,DSTC11,test/other,"top_level=object; sample_keys=bleu,detection,em_acc,f1,generation,meteor,prec,rec,rouge_1,rouge_2,rouge_l,selection"
dstc11/dstc11-track5-main/results/team06/entry3.check,38,8cd4c7407e6dca27b0d5a0bf0966ae77459f74fb56c8a4434c1f15057924c574,.check,DSTC11,test/other,not-json
dstc11/dstc11-track5-main/results/team06/entry3.json,2709658,cac907c4d265ce926f1e2f52b25e6f82a1573dfbe11246bf68241a3ba590c6df,.json,DSTC11,test/other,"top_level=array; sample_keys=doc_id,doc_type,domain,entity_id,knowledge,response,sent_id,target"
dstc11/dstc11-track5-main/results/team06/entry3.metadata.json,1314,3e8f3d800ff692a605c6e7c7e14b86a29dd7a7662566abd54bf2088dad9f3feb,.json,DSTC11,test/other,"top_level=object; sample_keys=desc,ensemble,external_api,pretrained,subtask1,subtask2,subtask3"
dstc11/dstc11-track5-main/results/team06/entry3.score.json,461,33e74f63088292ed01c3c0b1d07f00600a400ccda46d538cd1e6293fcf7e187f,.json,DSTC11,test/other,"top_level=object; sample_keys=bleu,detection,em_acc,f1,generation,meteor,prec,rec,rouge_1,rouge_2,rouge_l,selection"
dstc11/dstc11-track5-main/results/team07/entry0.check,38,8cd4c7407e6dca27b0d5a0bf0966ae77459f74fb56c8a4434c1f15057924c574,.check,DSTC11,test/other,not-json
dstc11/dstc11-track5-main/results/team07/entry0.json,2528949,d50e042852506281c434e7bcb9d3e085185da58cc4bb5fdf8c8b44658144d2e5,.json,DSTC11,test/other,"top_level=array; sample_keys=doc_id,doc_type,domain,entity_id,knowledge,response,sent_id,target"
dstc11/dstc11-track5-main/results/team07/entry0.metadata.json,780,4e6958f46d8ac2369d5d60b0e6e8cf3bd94d5ec1cb05920cf212c94e25edf3f5,.json,DSTC11,test/other,"top_level=object; sample_keys=desc,ensemble,external_api,pretrained,subtask1,subtask2,subtask3"
dstc11/dstc11-track5-main/results/team07/entry0.score.json,456,0190872e9ab9dd96e049b760ab0dc62efe7c2b34ab3f2570dd0a251623b2e73e,.json,DSTC11,test/other,"top_level=object; sample_keys=bleu,detection,em_acc,f1,generation,meteor,prec,rec,rouge_1,rouge_2,rouge_l,selection"
dstc11/dstc11-track5-main/results/team07/entry1.check,38,8cd4c7407e6dca27b0d5a0bf0966ae77459f74fb56c8a4434c1f15057924c574,.check,DSTC11,test/other,not-json
dstc11/dstc11-track5-main/results/team07/entry1.json,2507197,24f5d2784feffb48e969465ffb5884c63a0cff9f3d854d13dc6be7599d801fd1,.json,DSTC11,test/other,"top_level=array; sample_keys=doc_id,doc_type,domain,entity_id,knowledge,response,sent_id,target"
dstc11/dstc11-track5-main/results/team07/entry1.metadata.json,782,447681bc762294d34baf5ef3048d603a6b7c4e6e4bea5961a64e7963d8ba187a,.json,DSTC11,test/other,"top_level=object; sample_keys=desc,ensemble,external_api,pretrained,subtask1,subtask2,subtask3"
dstc11/dstc11-track5-main/results/team07/entry1.score.json,458,ec3c5a4572988b20c4d5f8ae8b66c4229ad28b8f1ac36bd89d068b42ed80bad2,.json,DSTC11,test/other,"top_level=object; sample_keys=bleu,detection,em_acc,f1,generation,meteor,prec,rec,rouge_1,rouge_2,rouge_l,selection"
dstc11/dstc11-track5-main/results/team07/entry2.check,38,8cd4c7407e6dca27b0d5a0bf0966ae77459f74fb56c8a4434c1f15057924c574,.check,DSTC11,test/other,not-json
dstc11/dstc11-track5-main/results/team07/entry2.json,2465165,7bc0fa231c991a1dad67fd4291469c87eae7cbe576795606fe90a8276869b044,.json,DSTC11,test/other,"top_level=array; sample_keys=doc_id,doc_type,domain,entity_id,knowledge,response,sent_id,target"
dstc11/dstc11-track5-main/results/team07/entry2.metadata.json,780,6eb8014f25dfd8c52f78eefcfe0a0e2873151f253ed00b88f5dc820a47220570,.json,DSTC11,test/other,"top_level=object; sample_keys=desc,ensemble,external_api,pretrained,subtask1,subtask2,subtask3"
dstc11/dstc11-track5-main/results/team07/entry2.score.json,456,309f446471d4a2d414d58b00fc4b039e48e77e4471e9dbb7b26f6f36dbb7551d,.json,DSTC11,test/other,"top_level=object; sample_keys=bleu,detection,em_acc,f1,generation,meteor,prec,rec,rouge_1,rouge_2,rouge_l,selection"
dstc11/dstc11-track5-main/results/team07/entry3.check,38,8cd4c7407e6dca27b0d5a0bf0966ae77459f74fb56c8a4434c1f15057924c574,.check,DSTC11,test/other,not-json
dstc11/dstc11-track5-main/results/team07/entry3.json,2509156,4bdc73daf7092bc8460874ee88f0fe4785f224ff66d6b5dcc67960765d4b82c9,.json,DSTC11,test/other,"top_level=array; sample_keys=doc_id,doc_type,domain,entity_id,knowledge,response,sent_id,target"
dstc11/dstc11-track5-main/results/team07/entry3.metadata.json,814,bd3555247117d179c6127fe9e1befd99409c6d048bbe88fed1edb897c3cf3fb7,.json,DSTC11,test/other,"top_level=object; sample_keys=desc,ensemble,external_api,pretrained,subtask1,subtask2,subtask3"
dstc11/dstc11-track5-main/results/team07/entry3.score.json,460,859987c64f17bea87ffe62fb5498e70a7f7d5cdee5a71121cdb844f29963c9e0,.json,DSTC11,test/other,"top_level=object; sample_keys=bleu,detection,em_acc,f1,generation,meteor,prec,rec,rouge_1,rouge_2,rouge_l,selection"
dstc11/dstc11-track5-main/results/team07/entry4.check,38,8cd4c7407e6dca27b0d5a0bf0966ae77459f74fb56c8a4434c1f15057924c574,.check,DSTC11,test/other,not-json
dstc11/dstc11-track5-main/results/team07/entry4.human_eval.json,382118,84c93491cb7731f7f0c2c044b9a9821d0fe9f59179038f0c48cc8861dac1ba54,.json,DSTC11,test/other,"top_level=array; sample_keys=accuracy,appropriateness"
dstc11/dstc11-track5-main/results/team07/entry4.json,2518033,6143c8789071bfd7204df10faf8a3c22e00bab9f8f60a96ab9f9c47c432501c5,.json,DSTC11,test/other,"top_level=array; sample_keys=doc_id,doc_type,domain,entity_id,knowledge,response,sent_id,target"
dstc11/dstc11-track5-main/results/team07/entry4.metadata.json,778,da46af4e81da6eec2ac6fa1c41f295b89a616e59a4c0e9ae720dc455c2db1449,.json,DSTC11,test/other,"top_level=object; sample_keys=desc,ensemble,external_api,pretrained,subtask1,subtask2,subtask3"
dstc11/dstc11-track5-main/results/team07/entry4.score.json,459,40184dbc40426c6fed444371dee27a4398e8dd83b9e928fe1f673785cefc6029,.json,DSTC11,test/other,"top_level=object; sample_keys=bleu,detection,em_acc,f1,generation,meteor,prec,rec,rouge_1,rouge_2,rouge_l,selection"
dstc11/dstc11-track5-main/results/team08/entry0.check,38,8cd4c7407e6dca27b0d5a0bf0966ae77459f74fb56c8a4434c1f15057924c574,.check,DSTC11,test/other,not-json
dstc11/dstc11-track5-main/results/team08/entry0.human_eval.json,381755,7d0747c95f1d863ce95a6dcb1c45e99515b88ca24b732c0ed5f1d2c5e7432909,.json,DSTC11,test/other,"top_level=array; sample_keys=accuracy,appropriateness"
dstc11/dstc11-track5-main/results/team08/entry0.json,2311451,f8828183403fb6d20e37e2459d6101ef1a113b0f7df8ba371fa2395a98f622f4,.json,DSTC11,test/other,"top_level=array; sample_keys=doc_id,doc_type,domain,entity_id,knowledge,response,sent_id,target"
dstc11/dstc11-track5-main/results/team08/entry0.metadata.json,723,cf64464f5104ff38487c127bb00280432901bc211686f762c57f35d2b1991319,.json,DSTC11,test/other,"top_level=object; sample_keys=desc,ensemble,external_api,pretrained,subtask1,subtask2,subtask3"
dstc11/dstc11-track5-main/results/team08/entry0.score.json,459,eaca5fcc46e0131795b61663e9f0ee35eda9f55db0ff2c624de2e9d872254108,.json,DSTC11,test/other,"top_level=object; sample_keys=bleu,detection,em_acc,f1,generation,meteor,prec,rec,rouge_1,rouge_2,rouge_l,selection"
dstc11/dstc11-track5-main/results/team08/entry1.check,38,8cd4c7407e6dca27b0d5a0bf0966ae77459f74fb56c8a4434c1f15057924c574,.check,DSTC11,test/other,not-json
dstc11/dstc11-track5-main/results/team08/entry1.json,2142782,5b164cb4311ca4af8852c06810cbfb52a486f2d5a1226d4b8de054a30e43799d,.json,DSTC11,test/other,"top_level=array; sample_keys=doc_id,doc_type,domain,entity_id,knowledge,response,sent_id,target"
dstc11/dstc11-track5-main/results/team08/entry1.metadata.json,770,5637a17f9573ad3edfe61f29c6417916c56bed94f1ae84b2e6a573de5c403605,.json,DSTC11,test/other,"top_level=object; sample_keys=desc,ensemble,external_api,pretrained,subtask1,subtask2,subtask3"
dstc11/dstc11-track5-main/results/team08/entry1.score.json,462,89727b4515a67cf42b7698c53b9c1aeef543a36163f0a4521d1861f3e855342d,.json,DSTC11,test/other,"top_level=object; sample_keys=bleu,detection,em_acc,f1,generation,meteor,prec,rec,rouge_1,rouge_2,rouge_l,selection"
dstc11/dstc11-track5-main/results/team08/entry2.check,38,8cd4c7407e6dca27b0d5a0bf0966ae77459f74fb56c8a4434c1f15057924c574,.check,DSTC11,test/other,not-json
dstc11/dstc11-track5-main/results/team08/entry2.json,2953725,b15339e8d9484cafce0300ce98c661b99cb1dbcd4f64f1ca4ebaeecb9e18e464,.json,DSTC11,test/other,"top_level=array; sample_keys=doc_id,doc_type,domain,entity_id,knowledge,response,sent_id,target"
dstc11/dstc11-track5-main/results/team08/entry2.metadata.json,843,cf2981dd10e3f4e3774aa1a71754bca9ec8034e4379e3a3d5f78aa7e59d380e2,.json,DSTC11,test/other,"top_level=object; sample_keys=desc,ensemble,external_api,pretrained,subtask1,subtask2,subtask3"
dstc11/dstc11-track5-main/results/team08/entry2.score.json,460,c2b7001ab5c69e7aecbbfb883cdd64d75115714b5c7581429544297a15c36144,.json,DSTC11,test/other,"top_level=object; sample_keys=bleu,detection,em_acc,f1,generation,meteor,prec,rec,rouge_1,rouge_2,rouge_l,selection"
dstc11/dstc11-track5-main/results/team08/entry3.check,38,8cd4c7407e6dca27b0d5a0bf0966ae77459f74fb56c8a4434c1f15057924c574,.check,DSTC11,test/other,not-json
dstc11/dstc11-track5-main/results/team08/entry3.json,2331500,43112c978702c0e5ebc1fcf68c716e79e49cfe98901032b7f48ffa513bd52c6e,.json,DSTC11,test/other,"top_level=array; sample_keys=doc_id,doc_type,domain,entity_id,knowledge,response,sent_id,target"
dstc11/dstc11-track5-main/results/team08/entry3.metadata.json,846,96cf51ef59cfa6aebf90335a95a45a234423ddb9b5d6c9d58186dec347cf6fb0,.json,DSTC11,test/other,"top_level=object; sample_keys=desc,ensemble,external_api,pretrained,subtask1,subtask2,subtask3"
dstc11/dstc11-track5-main/results/team08/entry3.score.json,455,b8c4f50c47ff4c6b32d637680436c6fc0dc9ebb33771448bab83db2993619ea8,.json,DSTC11,test/other,"top_level=object; sample_keys=bleu,detection,em_acc,f1,generation,meteor,prec,rec,rouge_1,rouge_2,rouge_l,selection"
dstc11/dstc11-track5-main/results/team09/entry0.check,38,8cd4c7407e6dca27b0d5a0bf0966ae77459f74fb56c8a4434c1f15057924c574,.check,DSTC11,test/other,not-json
dstc11/dstc11-track5-main/results/team09/entry0.json,1825484,8f492ec9ecbbb33c2e0f471529019b815c662788c912709fdf29c02545665f35,.json,DSTC11,test/other,"top_level=array; sample_keys=doc_id,doc_type,domain,entity_id,knowledge,response,sent_id,target"
dstc11/dstc11-track5-main/results/team09/entry0.metadata.json,959,e44f22bdbd5fa6a54b6ddceee018085db5581d06400f8b83a926fe7337133dff,.json,DSTC11,test/other,"top_level=object; sample_keys=desc,ensemble,external_api,pretrained,subtask1,subtask2,subtask3"
dstc11/dstc11-track5-main/results/team09/entry0.score.json,461,1df48b562bfc059c6229de705285e8af2a66735ef2cb94264d143b4234f760d9,.json,DSTC11,test/other,"top_level=object; sample_keys=bleu,detection,em_acc,f1,generation,meteor,prec,rec,rouge_1,rouge_2,rouge_l,selection"
dstc11/dstc11-track5-main/results/team09/entry1.check,38,8cd4c7407e6dca27b0d5a0bf0966ae77459f74fb56c8a4434c1f15057924c574,.check,DSTC11,test/other,not-json
dstc11/dstc11-track5-main/results/team09/entry1.json,1824091,2e7b04d793128d496ffb8e60afa779d78537cb4403451b9ca8dafb07ab44f6c1,.json,DSTC11,test/other,"top_level=array; sample_keys=doc_id,doc_type,domain,entity_id,knowledge,response,sent_id,target"
dstc11/dstc11-track5-main/results/team09/entry1.metadata.json,853,64cc1c1aafd37a96f2a435dd411a6e93e1af556412f6f71cd5e8c517b17e8235,.json,DSTC11,test/other,"top_level=object; sample_keys=desc,ensemble,external_api,pretrained,subtask1,subtask2,subtask3"
dstc11/dstc11-track5-main/results/team09/entry1.score.json,461,d501d9b5de69cf7ffb4b5a708d86576bb2cefd919c2b8adab8877fafbeb7fee1,.json,DSTC11,test/other,"top_level=object; sample_keys=bleu,detection,em_acc,f1,generation,meteor,prec,rec,rouge_1,rouge_2,rouge_l,selection"
dstc11/dstc11-track5-main/results/team09/entry2.check,38,8cd4c7407e6dca27b0d5a0bf0966ae77459f74fb56c8a4434c1f15057924c574,.check,DSTC11,test/other,not-json
dstc11/dstc11-track5-main/results/team09/entry2.json,1826936,b995fee348a3ebc008e5f5a868c9aa21c337f2bbe7f0b4bec91cf4f0a3b99223,.json,DSTC11,test/other,"top_level=array; sample_keys=doc_id,doc_type,domain,entity_id,knowledge,response,sent_id,target"
dstc11/dstc11-track5-main/results/team09/entry2.metadata.json,1066,41b5e411c23dc55ed960164f2bc0dc01fbfb8ee8eed3453cd5d2b1d8d83cf17f,.json,DSTC11,test/other,"top_level=object; sample_keys=desc,ensemble,external_api,pretrained,subtask1,subtask2,subtask3"
dstc11/dstc11-track5-main/results/team09/entry2.score.json,460,1cfe1d5bb108ff10e35a2797cdcff38f1194aa061578cb095d6e849338c03b12,.json,DSTC11,test/other,"top_level=object; sample_keys=bleu,detection,em_acc,f1,generation,meteor,prec,rec,rouge_1,rouge_2,rouge_l,selection"
dstc11/dstc11-track5-main/results/team10/entry0.check,38,8cd4c7407e6dca27b0d5a0bf0966ae77459f74fb56c8a4434c1f15057924c574,.check,DSTC11,test/other,not-json
dstc11/dstc11-track5-main/results/team10/entry0.json,2332685,2140cc84ad56f29bb4b1a2a3d43cb8eca4033f4f5072a5ea963f01d96d3a182c,.json,DSTC11,test/other,"top_level=array; sample_keys=doc_id,doc_type,domain,entity_id,knowledge,response,sent_id,target"
dstc11/dstc11-track5-main/results/team10/entry0.metadata.json,652,18d4edaa05d383275fa0405af3af74a43051636950aa0f67d5333a369204c776,.json,DSTC11,test/other,"top_level=object; sample_keys=desc,ensemble,external_api,pretrained,subtask1,subtask2,subtask3"
dstc11/dstc11-track5-main/results/team10/entry0.score.json,460,ce709a66ea21812ebcf3daad0f421b16e15eff7137d10ec9bf11d2f1fe77554c,.json,DSTC11,test/other,"top_level=object; sample_keys=bleu,detection,em_acc,f1,generation,meteor,prec,rec,rouge_1,rouge_2,rouge_l,selection"
dstc11/dstc11-track5-main/results/team10/entry1.check,38,8cd4c7407e6dca27b0d5a0bf0966ae77459f74fb56c8a4434c1f15057924c574,.check,DSTC11,test/other,not-json
dstc11/dstc11-track5-main/results/team10/entry1.json,2386405,6a2b8ddeabf2db050d98c101589594387008631fb203832c63dd39d347f53886,.json,DSTC11,test/other,"top_level=array; sample_keys=doc_id,doc_type,domain,entity_id,knowledge,response,sent_id,target"
dstc11/dstc11-track5-main/results/team10/entry1.metadata.json,736,5b5e9c782a301d8741a35e2ce087ff5a702b3694baa9b6e21ac8b32301ef00e6,.json,DSTC11,test/other,"top_level=object; sample_keys=desc,ensemble,external_api,pretrained,subtask1,subtask2,subtask3"
dstc11/dstc11-track5-main/results/team10/entry1.score.json,459,411b54de2294b16cf09977c0113d4d95f01322abdc74014b82a063ad5d4e2765,.json,DSTC11,test/other,"top_level=object; sample_keys=bleu,detection,em_acc,f1,generation,meteor,prec,rec,rouge_1,rouge_2,rouge_l,selection"
dstc11/dstc11-track5-main/results/team10/entry2.check,38,8cd4c7407e6dca27b0d5a0bf0966ae77459f74fb56c8a4434c1f15057924c574,.check,DSTC11,test/other,not-json
dstc11/dstc11-track5-main/results/team10/entry2.json,17942748,33e4a6c247ae236fbdb7ede3b10940a5fc7d97c534dfad980f44d58a3bc1b683,.json,DSTC11,test/other,"top_level=array; sample_keys=content,doc_id,doc_type,domain,entity_id,finish_reason,knowledge,prompt,role,sent,sent_id,target"
dstc11/dstc11-track5-main/results/team10/entry2.metadata.json,942,a43f2b873095292ab06e1779beaec759488ad82d63bb656b1cc25a15a573edcf,.json,DSTC11,test/other,"top_level=object; sample_keys=desc,ensemble,external_api,pretrained,subtask1,subtask2,subtask3"
dstc11/dstc11-track5-main/results/team10/entry2.score.json,463,555fac87a8b0974152ea8c50b10e41b0e13995aca29b3a7f2e3b0af4ecea13c3,.json,DSTC11,test/other,"top_level=object; sample_keys=bleu,detection,em_acc,f1,generation,meteor,prec,rec,rouge_1,rouge_2,rouge_l,selection"
dstc11/dstc11-track5-main/results/team11/entry0.check,38,8cd4c7407e6dca27b0d5a0bf0966ae77459f74fb56c8a4434c1f15057924c574,.check,DSTC11,test/other,not-json
dstc11/dstc11-track5-main/results/team11/entry0.json,2008730,5d34b9e6aac4cde947850eaed509528f5b8e8818f206637232f8404f3f653088,.json,DSTC11,test/other,"top_level=array; sample_keys=doc_id,doc_type,domain,entity_id,knowledge,response,sent_id,target"
dstc11/dstc11-track5-main/results/team11/entry0.metadata.json,3213,3a599ceea03b3dff8ee02b69464d56b8f210700c026b59d4b96ffeeb7a972e6f,.json,DSTC11,test/other,"top_level=object; sample_keys=desc,ensemble,external_api,pretrained,subtask1,subtask2,subtask3"
dstc11/dstc11-track5-main/results/team11/entry0.score.json,462,cd0b25baee5d23643383aa55526ce6560d5cb57ed17fc064bf6362c685e544f9,.json,DSTC11,test/other,"top_level=object; sample_keys=bleu,detection,em_acc,f1,generation,meteor,prec,rec,rouge_1,rouge_2,rouge_l,selection"
dstc11/dstc11-track5-main/results/team11/entry1.check,38,8cd4c7407e6dca27b0d5a0bf0966ae77459f74fb56c8a4434c1f15057924c574,.check,DSTC11,test/other,not-json
dstc11/dstc11-track5-main/results/team11/entry1.json,2041518,c9cd4706ab5826a29e62bed026f88d9ef2bef3d47b9ffb586770757841308b59,.json,DSTC11,test/other,"top_level=array; sample_keys=doc_id,doc_type,domain,entity_id,knowledge,response,sent_id,target"
dstc11/dstc11-track5-main/results/team11/entry1.metadata.json,3210,cd6cd6a7e24f284c229511720ebd984364620eec03a53f5228c27d841a9ee8bc,.json,DSTC11,test/other,"top_level=object; sample_keys=desc,ensemble,external_api,pretrained,subtask1,subtask2,subtask3"
dstc11/dstc11-track5-main/results/team11/entry1.score.json,458,813d657f62648194fe63a07b374358ae74b11ae1e8100fc26609a92b4baf0be7,.json,DSTC11,test/other,"top_level=object; sample_keys=bleu,detection,em_acc,f1,generation,meteor,prec,rec,rouge_1,rouge_2,rouge_l,selection"
dstc11/dstc11-track5-main/results/team11/entry2.check,38,8cd4c7407e6dca27b0d5a0bf0966ae77459f74fb56c8a4434c1f15057924c574,.check,DSTC11,test/other,not-json
dstc11/dstc11-track5-main/results/team11/entry2.json,2250238,e14f6d84d642a568f7448120cdf113168418b718ba5045db136e18d06a05b00f,.json,DSTC11,test/other,"top_level=array; sample_keys=doc_id,doc_type,domain,entity_id,knowledge,response,sent_id,target"
dstc11/dstc11-track5-main/results/team11/entry2.metadata.json,3331,f060d7f7932083625ca962ffa406360c00b510264e71593bd38bc85faf213cce,.json,DSTC11,test/other,"top_level=object; sample_keys=desc,ensemble,external_api,pretrained,subtask1,subtask2,subtask3"
dstc11/dstc11-track5-main/results/team11/entry2.score.json,459,3da14b3b4091fc57912739f38fea9aebc7ee325f3ee6636bac0e29071009f584,.json,DSTC11,test/other,"top_level=object; sample_keys=bleu,detection,em_acc,f1,generation,meteor,prec,rec,rouge_1,rouge_2,rouge_l,selection"
dstc11/dstc11-track5-main/results/team11/entry3.check,38,8cd4c7407e6dca27b0d5a0bf0966ae77459f74fb56c8a4434c1f15057924c574,.check,DSTC11,test/other,not-json
dstc11/dstc11-track5-main/results/team11/entry3.json,2283078,edf56e59ee7d02da3f4f596b36f05515f7cf27ec9f0bfde622f44b87fe401464,.json,DSTC11,test/other,"top_level=array; sample_keys=doc_id,doc_type,domain,entity_id,knowledge,response,sent_id,target"
dstc11/dstc11-track5-main/results/team11/entry3.metadata.json,3330,89b693cb54cd616e2fd2da2c11c7192f01df21e82ec573d4fab1d8a5a7ba324d,.json,DSTC11,test/other,"top_level=object; sample_keys=desc,ensemble,external_api,pretrained,subtask1,subtask2,subtask3"
dstc11/dstc11-track5-main/results/team11/entry3.score.json,457,06d33fd1f9684bc097b5e303c7bcf96b79ab127ef21fbb72264b5bdb9b3d7a71,.json,DSTC11,test/other,"top_level=object; sample_keys=bleu,detection,em_acc,f1,generation,meteor,prec,rec,rouge_1,rouge_2,rouge_l,selection"
dstc11/dstc11-track5-main/results/team12/entry0.check,38,8cd4c7407e6dca27b0d5a0bf0966ae77459f74fb56c8a4434c1f15057924c574,.check,DSTC11,test/other,not-json
dstc11/dstc11-track5-main/results/team12/entry0.json,3567419,f3c38deeb0a9fd266ff2177e346df649bc84b76d12f99a1594a118fd9ccc92b3,.json,DSTC11,test/other,"top_level=array; sample_keys=doc_id,doc_type,domain,entity_id,knowledge,response,sent_id,target"
dstc11/dstc11-track5-main/results/team12/entry0.metadata.json,670,ee6a79417c14a06b217d8c561e82c7d300201ee46875877e01a593429ae3048b,.json,DSTC11,test/other,"top_level=object; sample_keys=desc,ensemble,external_api,pretrained,subtask1,subtask2,subtask3"
dstc11/dstc11-track5-main/results/team12/entry0.score.json,452,a1f7f1e067798267e3ff81a9c612c754aa0acc5432b344fc7f08ae43a99d0e5a,.json,DSTC11,test/other,"top_level=object; sample_keys=bleu,detection,em_acc,f1,generation,meteor,prec,rec,rouge_1,rouge_2,rouge_l,selection"
dstc11/dstc11-track5-main/results/team12/entry1.check,38,8cd4c7407e6dca27b0d5a0bf0966ae77459f74fb56c8a4434c1f15057924c574,.check,DSTC11,test/other,not-json
dstc11/dstc11-track5-main/results/team12/entry1.json,3379278,857acf3ce1b3d1ae3c6c910d3ee97b344e5d48262fd44b648ff408b13d07e3b7,.json,DSTC11,test/other,"top_level=array; sample_keys=doc_id,doc_type,domain,entity_id,knowledge,response,sent_id,target"
dstc11/dstc11-track5-main/results/team12/entry1.metadata.json,606,16abe0610f90d50b43b02bf392d100396f4c898639a66463130ea6184bca50b2,.json,DSTC11,test/other,"top_level=object; sample_keys=desc,ensemble,external_api,pretrained,subtask1,subtask2,subtask3"
dstc11/dstc11-track5-main/results/team12/entry1.score.json,460,ba78f035493e0e5d8557180d00f7e9167e4cfaa7bfc68f29837bbca2ab4e565e,.json,DSTC11,test/other,"top_level=object; sample_keys=bleu,detection,em_acc,f1,generation,meteor,prec,rec,rouge_1,rouge_2,rouge_l,selection"
dstc11/dstc11-track5-main/results/team12/entry2.check,38,8cd4c7407e6dca27b0d5a0bf0966ae77459f74fb56c8a4434c1f15057924c574,.check,DSTC11,test/other,not-json
dstc11/dstc11-track5-main/results/team12/entry2.human_eval.json,381876,6af69db65e32b0b15f8b39f924c4ef85643b107ecd809f66c9ce55038e7a5897,.json,DSTC11,test/other,"top_level=array; sample_keys=accuracy,appropriateness"
dstc11/dstc11-track5-main/results/team12/entry2.json,2098215,510197d6bb73936defecbb85ee87a45120d810329cd3548bffbd022e743b54f7,.json,DSTC11,test/other,"top_level=array; sample_keys=doc_id,doc_type,domain,entity_id,knowledge,response,sent_id,target"
dstc11/dstc11-track5-main/results/team12/entry2.metadata.json,603,7a8b74b35e45a15b4cc0092850e1e51c509ae2e9e7678d8c8ded3bc8da10aadf,.json,DSTC11,test/other,"top_level=object; sample_keys=desc,ensemble,external_api,pretrained,subtask1,subtask2,subtask3"
dstc11/dstc11-track5-main/results/team12/entry2.score.json,461,1f835f8bc3f83beb13ef177ef4f937fea0602f34e98df4435728d10cf4571b27,.json,DSTC11,test/other,"top_level=object; sample_keys=bleu,detection,em_acc,f1,generation,meteor,prec,rec,rouge_1,rouge_2,rouge_l,selection"
dstc11/dstc11-track5-main/results/team13/entry0.check,38,8cd4c7407e6dca27b0d5a0bf0966ae77459f74fb56c8a4434c1f15057924c574,.check,DSTC11,test/other,not-json
dstc11/dstc11-track5-main/results/team13/entry0.json,2432526,2f8ae25fe959d2243a04d76d272ec180ac0b7baca064d0a7726a7f0b24b48acb,.json,DSTC11,test/other,"top_level=array; sample_keys=doc_id,doc_type,domain,entity_id,knowledge,response,sent_id,target"
dstc11/dstc11-track5-main/results/team13/entry0.metadata.json,820,dbab4e0594dc80083c5d047eb8eebf565849504488fc2f2d158cf0ad1c195c4a,.json,DSTC11,test/other,"top_level=object; sample_keys=desc,ensemble,external_api,pretrained,subtask1,subtask2,subtask3"
dstc11/dstc11-track5-main/results/team13/entry0.score.json,459,93ffe9dbf75bcda684f944f6ace463a222bf39e015bd4855bd8b3011a0402981,.json,DSTC11,test/other,"top_level=object; sample_keys=bleu,detection,em_acc,f1,generation,meteor,prec,rec,rouge_1,rouge_2,rouge_l,selection"
dstc11/dstc11-track5-main/results/team13/entry1.check,38,8cd4c7407e6dca27b0d5a0bf0966ae77459f74fb56c8a4434c1f15057924c574,.check,DSTC11,test/other,not-json
dstc11/dstc11-track5-main/results/team13/entry1.json,2373775,514035c8cd3af1988a1281debe47148baeab90310351e2c5621e524fe4dfa891,.json,DSTC11,test/other,"top_level=array; sample_keys=doc_id,doc_type,domain,entity_id,knowledge,response,sent_id,target"
dstc11/dstc11-track5-main/results/team13/entry1.metadata.json,861,3ab7c1d67a2d4a4eb017fdc719e3e47cc7bc942c0ccb5ef715347a8c372ed435,.json,DSTC11,test/other,"top_level=object; sample_keys=desc,ensemble,external_api,pretrained,subtask1,subtask2,subtask3"
dstc11/dstc11-track5-main/results/team13/entry1.score.json,461,80ae12343b8879fb82485f003026a700f88577601998b3b86a22eb991b55a117,.json,DSTC11,test/other,"top_level=object; sample_keys=bleu,detection,em_acc,f1,generation,meteor,prec,rec,rouge_1,rouge_2,rouge_l,selection"
dstc11/dstc11-track5-main/results/team13/entry2.check,38,8cd4c7407e6dca27b0d5a0bf0966ae77459f74fb56c8a4434c1f15057924c574,.check,DSTC11,test/other,not-json
dstc11/dstc11-track5-main/results/team13/entry2.json,2331266,b635de325a37e0c5a73642d53208803c924982a0ab65a1a6585e76d13932cf8d,.json,DSTC11,test/other,"top_level=array; sample_keys=doc_id,doc_type,domain,entity_id,knowledge,response,sent_id,target"
dstc11/dstc11-track5-main/results/team13/entry2.metadata.json,857,aeee5eca785200b6855e075e443790f30eeb66e01ac0e553bc698326e1f0575b,.json,DSTC11,test/other,"top_level=object; sample_keys=desc,ensemble,external_api,pretrained,subtask1,subtask2,subtask3"
dstc11/dstc11-track5-main/results/team13/entry2.score.json,462,387cc6c752df12e61275ced5e3f84a264e0b93fb7369c6502fd059aabcf893bc,.json,DSTC11,test/other,"top_level=object; sample_keys=bleu,detection,em_acc,f1,generation,meteor,prec,rec,rouge_1,rouge_2,rouge_l,selection"
dstc11/dstc11-track5-main/results/team13/entry3.check,38,8cd4c7407e6dca27b0d5a0bf0966ae77459f74fb56c8a4434c1f15057924c574,.check,DSTC11,test/other,not-json
dstc11/dstc11-track5-main/results/team13/entry3.human_eval.json,381755,835c247cb05c82a1cd56b4d095f9244367c22c8b81c7a353f6f71c99adc88309,.json,DSTC11,test/other,"top_level=array; sample_keys=accuracy,appropriateness"
dstc11/dstc11-track5-main/results/team13/entry3.json,2321548,2295cda9aad26aefc25173592795869d84ef846fa307d43e4503f02ad7860eea,.json,DSTC11,test/other,"top_level=array; sample_keys=doc_id,doc_type,domain,entity_id,knowledge,response,sent_id,target"
dstc11/dstc11-track5-main/results/team13/entry3.metadata.json,751,60f2d075afe6f41fd9d8c5106bf81e9a660f2b96d492b93b1650c5a44a4ed525,.json,DSTC11,test/other,"top_level=object; sample_keys=desc,ensemble,external_api,pretrained,subtask1,subtask2,subtask3"
dstc11/dstc11-track5-main/results/team13/entry3.score.json,460,bd9e39d169832c34ea6757916e0e092e73a1c891521b0eed7caf53d34daed142,.json,DSTC11,test/other,"top_level=object; sample_keys=bleu,detection,em_acc,f1,generation,meteor,prec,rec,rouge_1,rouge_2,rouge_l,selection"
dstc11/dstc11-track5-main/results/team13/entry4.check,38,8cd4c7407e6dca27b0d5a0bf0966ae77459f74fb56c8a4434c1f15057924c574,.check,DSTC11,test/other,not-json
dstc11/dstc11-track5-main/results/team13/entry4.json,3141844,e7785305586816783356af1d4554c5ff1f2203ff4b2257a4b5997b7bdfdb5f91,.json,DSTC11,test/other,"top_level=array; sample_keys=doc_id,doc_type,domain,entity_id,knowledge,response,sent_id,target"
dstc11/dstc11-track5-main/results/team13/entry4.metadata.json,819,c8ddd168deca2ea515a043abb17fff8ade35436752a658c7a4e582bd9d82349b,.json,DSTC11,test/other,"top_level=object; sample_keys=desc,ensemble,external_api,pretrained,subtask1,subtask2,subtask3"
dstc11/dstc11-track5-main/results/team13/entry4.score.json,460,858a6b1724cd0ccdaea14d497b31103857d1ab2af7c8e61fcce14817111f8551,.json,DSTC11,test/other,"top_level=object; sample_keys=bleu,detection,em_acc,f1,generation,meteor,prec,rec,rouge_1,rouge_2,rouge_l,selection"
dstc11/dstc11-track5-main/results/team14/entry0.check,38,8cd4c7407e6dca27b0d5a0bf0966ae77459f74fb56c8a4434c1f15057924c574,.check,DSTC11,test/other,not-json
dstc11/dstc11-track5-main/results/team14/entry0.human_eval.json,381997,bf4d17f1e817f5d94e7d9137549ff2a387564d5ca32484402dc2ab1764dc1eef,.json,DSTC11,test/other,"top_level=array; sample_keys=accuracy,appropriateness"
dstc11/dstc11-track5-main/results/team14/entry0.json,2338189,94bd28e2d4629ae4ae659683520c0b1c2075876ab4c178074d280097285d1e27,.json,DSTC11,test/other,"top_level=array; sample_keys=doc_id,doc_type,domain,entity_id,knowledge,response,sent_id,target"
dstc11/dstc11-track5-main/results/team14/entry0.metadata.json,546,52b9569ee466208c32b703131430a95d4946b870c9cc6a53699d927ecb2c207f,.json,DSTC11,test/other,"top_level=object; sample_keys=desc,ensemble,external_api,pretrained,subtask1,subtask2,subtask3"
dstc11/dstc11-track5-main/results/team14/entry0.score.json,458,ba3a918f4c7e8a8f03d8f43f99f34e5b77031ce748a20b03e15a43a1f8a5a771,.json,DSTC11,test/other,"top_level=object; sample_keys=bleu,detection,em_acc,f1,generation,meteor,prec,rec,rouge_1,rouge_2,rouge_l,selection"
dstc11/dstc11-track5-main/results/team14/entry1.check,38,8cd4c7407e6dca27b0d5a0bf0966ae77459f74fb56c8a4434c1f15057924c574,.check,DSTC11,test/other,not-json
dstc11/dstc11-track5-main/results/team14/entry1.json,2334777,288f455e1b4b4e42dc7c84d417b77ae2a47f3e2c2d98f63aebc0185a22148b84,.json,DSTC11,test/other,"top_level=array; sample_keys=doc_id,doc_type,domain,entity_id,knowledge,response,sent_id,target"
dstc11/dstc11-track5-main/results/team14/entry1.metadata.json,549,9a0d974430681181240e275fd8146e416447c180e16b8fb5fe1aa9d0fd9e197e,.json,DSTC11,test/other,"top_level=object; sample_keys=desc,ensemble,external_api,pretrained,subtask1,subtask2,subtask3"
dstc11/dstc11-track5-main/results/team14/entry1.score.json,458,057e3055d5db86bdf30d54827260ac316864952acbca2c9c05b6407ef6d8baf8,.json,DSTC11,test/other,"top_level=object; sample_keys=bleu,detection,em_acc,f1,generation,meteor,prec,rec,rouge_1,rouge_2,rouge_l,selection"
dstc11/dstc11-track5-main/scripts/__init__.py,0,e3b0c44298fc1c149afbf4c8996fb92427ae41e4649b934ca495991b7852b855,.py,DSTC11,test/other,not-json
dstc11/dstc11-track5-main/scripts/check_results.py,4181,4db97d21b1b2abec8c98163bc2c3af5ca96876098685e6785e39a14e51fa4b5c,.py,DSTC11,test/other,not-json
dstc11/dstc11-track5-main/scripts/dataset_walker.py,2322,86cc6fb3cba2c093a418f5b6e4a808a8b96d84f255148c07ae1bd624c333e1e0,.py,DSTC11,test/other,not-json
dstc11/dstc11-track5-main/scripts/knowledge_reader.py,4855,542d396133f89bc9990f1d217ba15b091a59d7ecab5d42d08a507c0ba2767ea0,.py,DSTC11,test/other,not-json
dstc11/dstc11-track5-main/scripts/README.md,737,e0854f78edf516e28fc38d749784f4ef6dad8cb0ace731de2b8817a3af385c76,.md,DSTC11,test/other,not-json
dstc11/dstc11-track5-main/scripts/scores.py,8952,7bf2b7020d748c71a5a8fe44e86d55a401ce625e803820e59be15ccf2e6ef62b,.py,DSTC11,test/other,not-json
dstc11/dstc11-track5-main/SOFTWARELICENSE,10142,09e8a9bcec8067104652c168685ab0931e7868f9c8284b66f5ae6edae5f1130b,,DSTC11,test/other,not-json
dstc11/dstc11-track5-main/THIRD_PARTY_LICENSES,11597,04cbdb0259bdf2006758ea6129cf423f1087cd2f0008f60fdd88ce80c7f06279,,DSTC11,test/other,not-json
dstc9/alexa-with-dstc9-track1-dataset-master/__init__.py,0,e3b0c44298fc1c149afbf4c8996fb92427ae41e4649b934ca495991b7852b855,.py,DSTC9,other,not-json
dstc9/alexa-with-dstc9-track1-dataset-master/baseline/__init__.py,0,e3b0c44298fc1c149afbf4c8996fb92427ae41e4649b934ca495991b7852b855,.py,DSTC9,other,not-json
dstc9/alexa-with-dstc9-track1-dataset-master/baseline/configs/detection/params.json,410,c191af8600a51e085192c01703b54e3d5b5d90762b93d6c56c623106eca02caa,.json,DSTC9,other,"top_level=object; sample_keys=adam_epsilon,dataset_args,fp16,gradient_accumulation_steps,history_max_tokens,history_utterances,learning_rate,max_grad_norm,model_name_or_path,num_train_epochs,per_gpu_eval_batch_size,per_gpu_train_batch_size,seed,task,warmup_steps"
dstc9/alexa-with-dstc9-track1-dataset-master/baseline/configs/generation/generation_params.json,116,2918745257c3ee3e1db5e1802f14d0db06df9a661d4ec91d356f1dc71fefeedb,.json,DSTC9,other,"top_level=object; sample_keys=max_length,min_length,no_sample,temperature,top_k,top_p"
dstc9/alexa-with-dstc9-track1-dataset-master/baseline/configs/generation/params.json,446,6543fcc20b6e0d7ba89b6a995f1b28115a9f7b0895fa577b58c951d03f9702f6,.json,DSTC9,other,"top_level=object; sample_keys=adam_epsilon,dataset_args,fp16,gradient_accumulation_steps,history_max_tokens,history_max_utterances,knowledge_max_tokens,learning_rate,max_grad_norm,model_name_or_path,num_train_epochs,per_gpu_eval_batch_size,per_gpu_train_batch_size,seed,task,warmup_steps"
dstc9/alexa-with-dstc9-track1-dataset-master/baseline/configs/selection/params.json,582,b276eae902c964655b200fca1ae754de0d7252df6e8c812376a1447b0c3ecd7b,.json,DSTC9,other,"top_level=object; sample_keys=adam_epsilon,dataset_args,eval_all_snippets,fp16,gradient_accumulation_steps,history_max_tokens,history_max_utterances,knowledge_max_tokens,learning_rate,max_candidates_per_forward_eval,max_grad_norm,model_name_or_path,n_candidates,negative_sample_method,num_train_epochs,per_gpu_eval_batch_size,per_gpu_train_batch_size,seed,task,warmup_steps"
dstc9/alexa-with-dstc9-track1-dataset-master/baseline/dataset.py,16152,6cc5e82de1582f32144ef59c6b34522d9a5c9208f8aa4e7dc5a546d395d0f07e,.py,DSTC9,other,not-json
dstc9/alexa-with-dstc9-track1-dataset-master/baseline/generate.py,7931,06a897b7b4ed280d55e14405c7c737fcdd3077d9017dd00e765e6cf40d933929,.py,DSTC9,other,not-json
dstc9/alexa-with-dstc9-track1-dataset-master/baseline/main.py,17984,c31ae2a0b8f680e06a4f48ed3e6fe8c6e7b9ca3a9272a4e6f281c590add553fc,.py,DSTC9,other,not-json
dstc9/alexa-with-dstc9-track1-dataset-master/baseline/models.py,2065,9accc918685f8901fa33931350a5f6c4a9060f414344adb76b1478ab910b75ee,.py,DSTC9,other,not-json
dstc9/alexa-with-dstc9-track1-dataset-master/baseline/README.md,2475,9aa1e93a538792b931633d86f5ba6359e22a9a57e964c28cee8f0252c9b5c462,.md,DSTC9,other,not-json
dstc9/alexa-with-dstc9-track1-dataset-master/baseline/utils/__init__.py,0,e3b0c44298fc1c149afbf4c8996fb92427ae41e4649b934ca495991b7852b855,.py,DSTC9,other,not-json
dstc9/alexa-with-dstc9-track1-dataset-master/baseline/utils/argument.py,1890,c0fce450938361cd5361860c0643bfdfbb6388e960a6e4ef62c4712ff8d37349,.py,DSTC9,other,not-json
dstc9/alexa-with-dstc9-track1-dataset-master/baseline/utils/data.py,4824,e0803f9879a6fc454f39e6f676316425822721a92f4f0e6eaaeba3e5d8130b87,.py,DSTC9,other,not-json
dstc9/alexa-with-dstc9-track1-dataset-master/baseline/utils/metrics.py,9932,c31666a07a8f71f5be728fea59cbb11b2dfacaa8b4c10c05b3ba87d8e2383430,.py,DSTC9,other,not-json
dstc9/alexa-with-dstc9-track1-dataset-master/baseline/utils/model.py,6130,599a7e2c57c64d8fd019efb2c8048b9dca36d0f9ed80be002b333d47bd49a88c,.py,DSTC9,other,not-json
dstc9/alexa-with-dstc9-track1-dataset-master/baseline.py,179,5d96742a52561d593ef7405a7129d73b6f48a84e78ee8df2a9497a93de116652,.py,DSTC9,other,not-json
dstc9/alexa-with-dstc9-track1-dataset-master/CODE_OF_CONDUCT.md,309,34b6c98d5c23127ae6769e95e483e5bf6d3704ae1f0d3ae4e69d15f4ede118b6,.md,DSTC9,other,not-json
dstc9/alexa-with-dstc9-track1-dataset-master/CONTRIBUTING.md,3306,b050a75d5f6d2236ed40ad91dc53c4a4b30da184f9298f6f18507beae5fd7cb7,.md,DSTC9,other,not-json
dstc9/alexa-with-dstc9-track1-dataset-master/data/knowledge.json,471645,c8490242c23101c4e7c3e3482acd1d6dbf26c788f62c0c87fcaf622ee5360372,.json,DSTC9,other,"top_level=object; sample_keys=body,docs,hotel,name,title"
dstc9/alexa-with-dstc9-track1-dataset-master/data/output_schema.json,1372,77c126e877e8690e6b7ba7b928c0dad0f273031e7adb0e8663f2a08e3376c199,.json,DSTC9,other,"top_level=object; sample_keys=anyOf,const,doc_id,domain,entity_id,enum,if,items,knowledge,minItems,minLength,properties,required,response,target,then,type"
dstc9/alexa-with-dstc9-track1-dataset-master/data/README.md,3280,f816c4e598677ad093ba5930197803e0c3b42fd4232640fd69235682b6c8bca9,.md,DSTC9,other,not-json
dstc9/alexa-with-dstc9-track1-dataset-master/data/train/labels.json,6496347,615eac39a48f9068a30a92eff03092e301b20c43121cb5198acf8b3d67557d4e,.json,DSTC9,train,"top_level=array; sample_keys=doc_id,domain,entity_id,knowledge,response,target"
dstc9/alexa-with-dstc9-track1-dataset-master/data/train/logs.json,96396446,39a87aafdc70e4adde0fc2e9b6e4caa3ab6ce8668bd7d17ea73b4534d7fa41d3,.json,DSTC9,train,"top_level=array; sample_keys=speaker,text"
dstc9/alexa-with-dstc9-track1-dataset-master/data/val/labels.json,895901,6da9429d56c37ac2b0dc2b97d4bfaeb42df8596f13503719c68a76d6a86ae598,.json,DSTC9,validation,"top_level=array; sample_keys=doc_id,domain,entity_id,knowledge,response,target"
dstc9/alexa-with-dstc9-track1-dataset-master/data/val/logs.json,12674417,eb31b274ba389d1ae85cccd6e0cafaf72fb320699d72be9f17efd49f04872dd7,.json,DSTC9,validation,"top_level=array; sample_keys=speaker,text"
dstc9/alexa-with-dstc9-track1-dataset-master/data_eval/db.json,255026,ade7b219010ce931a6823aeea21f5f39d36edd2cd56df7403dae935d2c8c1f2e,.json,DSTC9,other,"top_level=object; sample_keys=address,area,attraction,city,id,name,phone,postcode,type"
dstc9/alexa-with-dstc9-track1-dataset-master/data_eval/knowledge.json,1979588,fb0facf7acc6831707e49e4dec39518a4c627f233ab6c13ffc5e3f3fab00e4ab,.json,DSTC9,other,"top_level=object; sample_keys=body,city,docs,hotel,name,title"
dstc9/alexa-with-dstc9-track1-dataset-master/data_eval/output_schema.json,1386,de1c1a2693b34f57ef611d30cc0ab13cb84ca0377778385711512ad9371055ea,.json,DSTC9,other,"top_level=object; sample_keys=anyOf,const,doc_id,domain,entity_id,enum,if,items,knowledge,minItems,minLength,properties,required,response,target,then,type"
dstc9/alexa-with-dstc9-track1-dataset-master/data_eval/README.md,2069,3fc5b6d3b3edd99a4662805b06a3300c53c26759aa006aaba4b02cf1552c0757,.md,DSTC9,other,not-json
dstc9/alexa-with-dstc9-track1-dataset-master/data_eval/test/labels.json,697294,7d0d8f49653ebfed5f2d017d6a0c0e53a31026821120358b6cc2675a635b17fc,.json,DSTC9,other,"top_level=array; sample_keys=doc_id,domain,entity_id,knowledge,response,source,target"
dstc9/alexa-with-dstc9-track1-dataset-master/data_eval/test/logs.json,4474703,9f9868a5771d21f12acfc2b3d199cddbb4155d3e5996eec1d06523f96f6f96ec,.json,DSTC9,other,"top_level=array; sample_keys=speaker,text"
dstc9/alexa-with-dstc9-track1-dataset-master/FAQ.md,4760,6c3ada2e9beb509eb8658c0a2d5893398a958908a4d121686c8417ed3dba9399,.md,DSTC9,other,not-json
dstc9/alexa-with-dstc9-track1-dataset-master/LICENSE,10142,09e8a9bcec8067104652c168685ab0931e7868f9c8284b66f5ae6edae5f1130b,,DSTC9,other,not-json
dstc9/alexa-with-dstc9-track1-dataset-master/NOTICE,67,d4290ed64c2edd0fce1d84e3f9dfb2881240fe534def76b8cd29ed6af683e287,,DSTC9,other,not-json
dstc9/alexa-with-dstc9-track1-dataset-master/README.md,9767,70a66ffb9b2db1646298e09c91affdba21108d8f4b49fcc6e1b7c926e6129d96,.md,DSTC9,other,not-json
dstc9/alexa-with-dstc9-track1-dataset-master/requirements.txt,107,dd954d40cff3f23bc2f6a30f138d04c8b9b2545be5447519b8d95d3fca98bf37,.txt,DSTC9,other,not-json
dstc9/alexa-with-dstc9-track1-dataset-master/results/baseline/entry0.check,38,8cd4c7407e6dca27b0d5a0bf0966ae77459f74fb56c8a4434c1f15057924c574,.check,DSTC9,other,not-json
dstc9/alexa-with-dstc9-track1-dataset-master/results/baseline/entry0.human_eval.json,228233,7552770a17656837c45ff0d21b9da873a36e5c5c8b18a895e82ef90adb448dca,.json,DSTC9,other,"top_level=array; sample_keys=accuracy,appropriateness"
dstc9/alexa-with-dstc9-track1-dataset-master/results/baseline/entry0.json,1203398,a80be99d09d1b3bf1ee952e33f4791adf0b0b2a63fcdba60c009d32ed5b63378,.json,DSTC9,other,"top_level=array; sample_keys=doc_id,domain,entity_id,knowledge,response,target"
dstc9/alexa-with-dstc9-track1-dataset-master/results/baseline/entry0.score.json,534,a321cee66e1d9cbf916ac81443532d6272f1969ba467cf584c2f63e32459f1b1,.json,DSTC9,other,"top_level=object; sample_keys=detection,f1,generation,meteor,prec,rec,rouge_1,rouge_2,rouge_l,selection"
dstc9/alexa-with-dstc9-track1-dataset-master/results/score.csv,29460,8fa3e36419dcec138206079a1b9e863f6a7fd8dea6ca99bec2413eb2d6d59fa3,.csv,DSTC9,other,not-json
dstc9/alexa-with-dstc9-track1-dataset-master/results/team01/entry0.check,38,8cd4c7407e6dca27b0d5a0bf0966ae77459f74fb56c8a4434c1f15057924c574,.check,DSTC9,other,not-json
dstc9/alexa-with-dstc9-track1-dataset-master/results/team01/entry0.json,1332965,d1da214e8364a010425bc631f39497421f28fe36a9848a849b1d055e000266a1,.json,DSTC9,other,"top_level=array; sample_keys=doc_id,domain,entity_id,knowledge,response,target"
dstc9/alexa-with-dstc9-track1-dataset-master/results/team01/entry0.score.json,528,cb8337a8d1545bae31a0c1209e991f07b3aeb70cd74ac499a401c49f27f6ee3d,.json,DSTC9,other,"top_level=object; sample_keys=detection,f1,generation,meteor,prec,rec,rouge_1,rouge_2,rouge_l,selection"
dstc9/alexa-with-dstc9-track1-dataset-master/results/team01/entry1.check,38,8cd4c7407e6dca27b0d5a0bf0966ae77459f74fb56c8a4434c1f15057924c574,.check,DSTC9,other,not-json
dstc9/alexa-with-dstc9-track1-dataset-master/results/team01/entry1.json,1334017,b92819566ff14c5e4765c40d4e07406537b03704ea23baa58c198a73f2e115db,.json,DSTC9,other,"top_level=array; sample_keys=doc_id,domain,entity_id,knowledge,response,target"
dstc9/alexa-with-dstc9-track1-dataset-master/results/team01/entry1.score.json,532,fd90a4b0f7ec7dd73f04cf9dfb1c21c3021f6c96a6b36388fa72831cc3477369,.json,DSTC9,other,"top_level=object; sample_keys=detection,f1,generation,meteor,prec,rec,rouge_1,rouge_2,rouge_l,selection"
dstc9/alexa-with-dstc9-track1-dataset-master/results/team01/entry2.check,38,8cd4c7407e6dca27b0d5a0bf0966ae77459f74fb56c8a4434c1f15057924c574,.check,DSTC9,other,not-json
dstc9/alexa-with-dstc9-track1-dataset-master/results/team01/entry2.json,1334230,125b2788d04fbc11b22f980c562a3387972cacce8946db1eb490d29298ac07df,.json,DSTC9,other,"top_level=array; sample_keys=doc_id,domain,entity_id,knowledge,response,target"
dstc9/alexa-with-dstc9-track1-dataset-master/results/team01/entry2.score.json,534,0913bbb9ba9d4f060ddc9e959c7e4f6ce9e4d64bf8b30e3b4cd9681539146f5a,.json,DSTC9,other,"top_level=object; sample_keys=detection,f1,generation,meteor,prec,rec,rouge_1,rouge_2,rouge_l,selection"
dstc9/alexa-with-dstc9-track1-dataset-master/results/team01/entry3.check,38,8cd4c7407e6dca27b0d5a0bf0966ae77459f74fb56c8a4434c1f15057924c574,.check,DSTC9,other,not-json
dstc9/alexa-with-dstc9-track1-dataset-master/results/team01/entry3.json,1343661,36c958d344725575fc0e6d148a671a027d29862aef13736d03176d3816e98913,.json,DSTC9,other,"top_level=array; sample_keys=doc_id,domain,entity_id,knowledge,response,target"
dstc9/alexa-with-dstc9-track1-dataset-master/results/team01/entry3.score.json,534,563a12111ded8aaea3001770b0ab4bbfa53017b931ba2fc3d1fa4af977f28805,.json,DSTC9,other,"top_level=object; sample_keys=detection,f1,generation,meteor,prec,rec,rouge_1,rouge_2,rouge_l,selection"
dstc9/alexa-with-dstc9-track1-dataset-master/results/team01/entry4.check,38,8cd4c7407e6dca27b0d5a0bf0966ae77459f74fb56c8a4434c1f15057924c574,.check,DSTC9,other,not-json
dstc9/alexa-with-dstc9-track1-dataset-master/results/team01/entry4.json,1344345,d4be07b7dd1faf3a0951ae7cf9425aa8e72a8730d84ebe2b8d5e07166a83b1fc,.json,DSTC9,other,"top_level=array; sample_keys=doc_id,domain,entity_id,knowledge,response,target"
dstc9/alexa-with-dstc9-track1-dataset-master/results/team01/entry4.score.json,533,dcc93966727b2780aa5c01b99985849f4087ebd6ba6317c72234e0e97c4b9a11,.json,DSTC9,other,"top_level=object; sample_keys=detection,f1,generation,meteor,prec,rec,rouge_1,rouge_2,rouge_l,selection"
dstc9/alexa-with-dstc9-track1-dataset-master/results/team02/entry0.check,38,8cd4c7407e6dca27b0d5a0bf0966ae77459f74fb56c8a4434c1f15057924c574,.check,DSTC9,other,not-json
dstc9/alexa-with-dstc9-track1-dataset-master/results/team02/entry0.json,1306387,a8293bd78d95d611c0b3ef33bbc0fdb1b1c5b765ada868fd529dfb0426d6b6c6,.json,DSTC9,other,"top_level=array; sample_keys=doc_id,domain,entity_id,knowledge,response,score,target"
dstc9/alexa-with-dstc9-track1-dataset-master/results/team02/entry0.score.json,533,b4a2c4ea61feef999cd7c5f1c6bfb62799f1349b1137603e07c3ffe7ada5b434,.json,DSTC9,other,"top_level=object; sample_keys=detection,f1,generation,meteor,prec,rec,rouge_1,rouge_2,rouge_l,selection"
dstc9/alexa-with-dstc9-track1-dataset-master/results/team02/entry1.check,38,8cd4c7407e6dca27b0d5a0bf0966ae77459f74fb56c8a4434c1f15057924c574,.check,DSTC9,other,not-json
dstc9/alexa-with-dstc9-track1-dataset-master/results/team02/entry1.json,1306877,856238d653c8130eb044c40b30e91cd8d242b9ae3912aca73c7f630225586e4c,.json,DSTC9,other,"top_level=array; sample_keys=doc_id,domain,entity_id,knowledge,response,score,target"
dstc9/alexa-with-dstc9-track1-dataset-master/results/team02/entry1.score.json,535,041cab083428f783a3321bff0cbf19d046b6a322fd036f2dda84d0c7d5c98fc4,.json,DSTC9,other,"top_level=object; sample_keys=detection,f1,generation,meteor,prec,rec,rouge_1,rouge_2,rouge_l,selection"
dstc9/alexa-with-dstc9-track1-dataset-master/results/team02/entry2.check,38,8cd4c7407e6dca27b0d5a0bf0966ae77459f74fb56c8a4434c1f15057924c574,.check,DSTC9,other,not-json
dstc9/alexa-with-dstc9-track1-dataset-master/results/team02/entry2.json,1306928,ee023f45279264c37cffc8e133ce7101b2dfa0bcfe505425978d4b7eff89a9e8,.json,DSTC9,other,"top_level=array; sample_keys=doc_id,domain,entity_id,knowledge,response,score,target"
dstc9/alexa-with-dstc9-track1-dataset-master/results/team02/entry2.score.json,531,8c20e68a5ba1605bb6aa6c25683910d509b84269a6f664bd5ac95e6f6eb7f1de,.json,DSTC9,other,"top_level=object; sample_keys=detection,f1,generation,meteor,prec,rec,rouge_1,rouge_2,rouge_l,selection"
dstc9/alexa-with-dstc9-track1-dataset-master/results/team02/entry3.check,38,8cd4c7407e6dca27b0d5a0bf0966ae77459f74fb56c8a4434c1f15057924c574,.check,DSTC9,other,not-json
dstc9/alexa-with-dstc9-track1-dataset-master/results/team02/entry3.json,1307378,c5817c89d46e38af79bc3d3c46c374a1a7e9cf364db1b59ae824e2c10002ea82,.json,DSTC9,other,"top_level=array; sample_keys=doc_id,domain,entity_id,knowledge,response,score,target"
dstc9/alexa-with-dstc9-track1-dataset-master/results/team02/entry3.score.json,535,653347f1b0d35076ce17818830633db794a0b73cc3e7145c2814797109d5181e,.json,DSTC9,other,"top_level=object; sample_keys=detection,f1,generation,meteor,prec,rec,rouge_1,rouge_2,rouge_l,selection"
dstc9/alexa-with-dstc9-track1-dataset-master/results/team02/entry4.check,38,8cd4c7407e6dca27b0d5a0bf0966ae77459f74fb56c8a4434c1f15057924c574,.check,DSTC9,other,not-json
dstc9/alexa-with-dstc9-track1-dataset-master/results/team02/entry4.json,1308081,c75d44272de7ceb1454a48fef9b59ebed6c1cfd2a7585fdc02ad87fc766057e6,.json,DSTC9,other,"top_level=array; sample_keys=doc_id,domain,entity_id,knowledge,response,score,target"
dstc9/alexa-with-dstc9-track1-dataset-master/results/team02/entry4.score.json,534,94eca998644e887fddf9bfc08f60ed261b7f8a233acf6478e8911dbff8e0a75f,.json,DSTC9,other,"top_level=object; sample_keys=detection,f1,generation,meteor,prec,rec,rouge_1,rouge_2,rouge_l,selection"
dstc9/alexa-with-dstc9-track1-dataset-master/results/team03/entry0.check,38,8cd4c7407e6dca27b0d5a0bf0966ae77459f74fb56c8a4434c1f15057924c574,.check,DSTC9,other,not-json
dstc9/alexa-with-dstc9-track1-dataset-master/results/team03/entry0.json,1298024,766dbf1b6612d60fafcad2e995ce45423457ff87961b0db1178ded3dafca28ee,.json,DSTC9,other,"top_level=array; sample_keys=doc_id,domain,entity_id,knowledge,response,target"
dstc9/alexa-with-dstc9-track1-dataset-master/results/team03/entry0.score.json,534,6ee6b2b2b1c988ebb4d8be47a7618e26d6047af577392d811b1364502cf27a0f,.json,DSTC9,other,"top_level=object; sample_keys=detection,f1,generation,meteor,prec,rec,rouge_1,rouge_2,rouge_l,selection"
dstc9/alexa-with-dstc9-track1-dataset-master/results/team03/entry1.check,38,8cd4c7407e6dca27b0d5a0bf0966ae77459f74fb56c8a4434c1f15057924c574,.check,DSTC9,other,not-json
dstc9/alexa-with-dstc9-track1-dataset-master/results/team03/entry1.human_eval.json,246327,12d06e45800d5bad7da38feb501e341daac249969b13878dbaf241a301d57394,.json,DSTC9,other,"top_level=array; sample_keys=accuracy,appropriateness"
dstc9/alexa-with-dstc9-track1-dataset-master/results/team03/entry1.json,1298979,e46e33b1be9046cf713d874ce4ab987c549c5370ae001ae3bd67cfefe2aa6f3f,.json,DSTC9,other,"top_level=array; sample_keys=doc_id,domain,entity_id,knowledge,response,target"
dstc9/alexa-with-dstc9-track1-dataset-master/results/team03/entry1.score.json,535,10067b151dcc8087a798e552c37a781beba4153a88068dd5bd774e3e8cf494cf,.json,DSTC9,other,"top_level=object; sample_keys=detection,f1,generation,meteor,prec,rec,rouge_1,rouge_2,rouge_l,selection"
dstc9/alexa-with-dstc9-track1-dataset-master/results/team03/entry2.check,38,8cd4c7407e6dca27b0d5a0bf0966ae77459f74fb56c8a4434c1f15057924c574,.check,DSTC9,other,not-json
dstc9/alexa-with-dstc9-track1-dataset-master/results/team03/entry2.json,1297068,d428fcd9521522c16144cab40060530c272f567a2040cde39a7e21d672ddb63f,.json,DSTC9,other,"top_level=array; sample_keys=doc_id,domain,entity_id,knowledge,response,target"
dstc9/alexa-with-dstc9-track1-dataset-master/results/team03/entry2.score.json,532,cc6c33ce6fe93fee66be6801b38ebfe41814c8d2a1251be4742df9f6604d454f,.json,DSTC9,other,"top_level=object; sample_keys=detection,f1,generation,meteor,prec,rec,rouge_1,rouge_2,rouge_l,selection"
dstc9/alexa-with-dstc9-track1-dataset-master/results/team03/entry3.check,38,8cd4c7407e6dca27b0d5a0bf0966ae77459f74fb56c8a4434c1f15057924c574,.check,DSTC9,other,not-json
dstc9/alexa-with-dstc9-track1-dataset-master/results/team03/entry3.json,1297631,9f403c97066ab1272d5a2157d43f72f0b3a8e1bc3b2070f18d735febfde92659,.json,DSTC9,other,"top_level=array; sample_keys=doc_id,domain,entity_id,knowledge,response,target"
dstc9/alexa-with-dstc9-track1-dataset-master/results/team03/entry3.score.json,532,d958989f721fc0ad92fd360337499f487196c36e65722db5feeb9e73de2287a9,.json,DSTC9,other,"top_level=object; sample_keys=detection,f1,generation,meteor,prec,rec,rouge_1,rouge_2,rouge_l,selection"
dstc9/alexa-with-dstc9-track1-dataset-master/results/team03/entry4.check,38,8cd4c7407e6dca27b0d5a0bf0966ae77459f74fb56c8a4434c1f15057924c574,.check,DSTC9,other,not-json
dstc9/alexa-with-dstc9-track1-dataset-master/results/team03/entry4.json,1296645,2af02b3792a59bf528915b2ef77f79d2ad4b283994b04a7f384d0c48b6e38303,.json,DSTC9,other,"top_level=array; sample_keys=doc_id,domain,entity_id,knowledge,response,target"
dstc9/alexa-with-dstc9-track1-dataset-master/results/team03/entry4.score.json,533,d265a2d62fd875aba6ca9cd71442144e025902711a0602d3de916867c929786c,.json,DSTC9,other,"top_level=object; sample_keys=detection,f1,generation,meteor,prec,rec,rouge_1,rouge_2,rouge_l,selection"
dstc9/alexa-with-dstc9-track1-dataset-master/results/team04/entry0.check,38,8cd4c7407e6dca27b0d5a0bf0966ae77459f74fb56c8a4434c1f15057924c574,.check,DSTC9,other,not-json
dstc9/alexa-with-dstc9-track1-dataset-master/results/team04/entry0.json,1102817,dab0751d50a13264b5b252787513c6ef037150d7f8f1ebe2ff92f11666e98c10,.json,DSTC9,other,"top_level=array; sample_keys=doc_id,domain,entity_id,knowledge,response,target"
dstc9/alexa-with-dstc9-track1-dataset-master/results/team04/entry0.score.json,531,4337d6b5c3da03b9c84aef8304761ce2c8e5b4888d1be5262e8f3372bbfe6dcf,.json,DSTC9,other,"top_level=object; sample_keys=detection,f1,generation,meteor,prec,rec,rouge_1,rouge_2,rouge_l,selection"
dstc9/alexa-with-dstc9-track1-dataset-master/results/team04/entry1.check,38,8cd4c7407e6dca27b0d5a0bf0966ae77459f74fb56c8a4434c1f15057924c574,.check,DSTC9,other,not-json
dstc9/alexa-with-dstc9-track1-dataset-master/results/team04/entry1.json,1087082,93e0cc1b1f4ef976aa01d7a851a510a85c16705564ad0d7e159718dd658ce17f,.json,DSTC9,other,"top_level=array; sample_keys=doc_id,domain,entity_id,knowledge,response,target"
dstc9/alexa-with-dstc9-track1-dataset-master/results/team04/entry1.score.json,531,cc596b8e95cd8df7f662be1ba610b7f5486f64fdfa8133d4b6cf4ad0151639ec,.json,DSTC9,other,"top_level=object; sample_keys=detection,f1,generation,meteor,prec,rec,rouge_1,rouge_2,rouge_l,selection"
dstc9/alexa-with-dstc9-track1-dataset-master/results/team04/entry2.check,38,8cd4c7407e6dca27b0d5a0bf0966ae77459f74fb56c8a4434c1f15057924c574,.check,DSTC9,other,not-json
dstc9/alexa-with-dstc9-track1-dataset-master/results/team04/entry2.json,1102846,bd2886b45bc932e560d322dbe5aef6f944b2fdf12a4734d7ff4bdd3660cfd5dd,.json,DSTC9,other,"top_level=array; sample_keys=doc_id,domain,entity_id,knowledge,response,target"
dstc9/alexa-with-dstc9-track1-dataset-master/results/team04/entry2.score.json,535,f7cf983a41e3ba3ed4c22e020303de8e78efe442e53b99c7a46039f106283850,.json,DSTC9,other,"top_level=object; sample_keys=detection,f1,generation,meteor,prec,rec,rouge_1,rouge_2,rouge_l,selection"
dstc9/alexa-with-dstc9-track1-dataset-master/results/team04/entry3.check,38,8cd4c7407e6dca27b0d5a0bf0966ae77459f74fb56c8a4434c1f15057924c574,.check,DSTC9,other,not-json
dstc9/alexa-with-dstc9-track1-dataset-master/results/team04/entry3.json,1087117,12b06b2be8888d0fc14f9453133448cee1b058f257f9c1c91300827314eb8191,.json,DSTC9,other,"top_level=array; sample_keys=doc_id,domain,entity_id,knowledge,response,target"
dstc9/alexa-with-dstc9-track1-dataset-master/results/team04/entry3.score.json,534,c45098ca5d2e61c03e7de75820576dc7e00602ce2ce5ced8b8bc5893e943117a,.json,DSTC9,other,"top_level=object; sample_keys=detection,f1,generation,meteor,prec,rec,rouge_1,rouge_2,rouge_l,selection"
dstc9/alexa-with-dstc9-track1-dataset-master/results/team04/entry4.check,38,8cd4c7407e6dca27b0d5a0bf0966ae77459f74fb56c8a4434c1f15057924c574,.check,DSTC9,other,not-json
dstc9/alexa-with-dstc9-track1-dataset-master/results/team04/entry4.json,1103146,b3ba97053b2a0cf8fd1e754eba37c1407c2f4b5282a2f3870982e510ce13c7b1,.json,DSTC9,other,"top_level=array; sample_keys=doc_id,domain,entity_id,knowledge,response,target"
dstc9/alexa-with-dstc9-track1-dataset-master/results/team05/entry0.check,38,8cd4c7407e6dca27b0d5a0bf0966ae77459f74fb56c8a4434c1f15057924c574,.check,DSTC9,other,not-json
dstc9/alexa-with-dstc9-track1-dataset-master/results/team05/entry0.json,1269647,5bdbcafbd204338df9b03b53b47baf61d1b3cfab078ff824ae23068dfeec5919,.json,DSTC9,other,"top_level=array; sample_keys=doc_id,domain,entity_id,knowledge,response,target"
dstc9/alexa-with-dstc9-track1-dataset-master/results/team05/entry0.score.json,534,68628841cd9b2e908504be1964b4405b71bc3871ec4bec1cc9abe247e3d86d81,.json,DSTC9,other,"top_level=object; sample_keys=detection,f1,generation,meteor,prec,rec,rouge_1,rouge_2,rouge_l,selection"
dstc9/alexa-with-dstc9-track1-dataset-master/results/team05/entry1.check,38,8cd4c7407e6dca27b0d5a0bf0966ae77459f74fb56c8a4434c1f15057924c574,.check,DSTC9,other,not-json
dstc9/alexa-with-dstc9-track1-dataset-master/results/team05/entry1.json,1207138,75a2c3624b43c5247d51b1957ff4f2d9969b2c0fb9035578c49189b5444cdc11,.json,DSTC9,other,"top_level=array; sample_keys=doc_id,domain,entity_id,knowledge,response,target"
dstc9/alexa-with-dstc9-track1-dataset-master/results/team05/entry1.score.json,534,68628841cd9b2e908504be1964b4405b71bc3871ec4bec1cc9abe247e3d86d81,.json,DSTC9,other,"top_level=object; sample_keys=detection,f1,generation,meteor,prec,rec,rouge_1,rouge_2,rouge_l,selection"
dstc9/alexa-with-dstc9-track1-dataset-master/results/team05/entry2.check,38,8cd4c7407e6dca27b0d5a0bf0966ae77459f74fb56c8a4434c1f15057924c574,.check,DSTC9,other,not-json
dstc9/alexa-with-dstc9-track1-dataset-master/results/team05/entry2.json,1206397,27493bfbc3c6c27d7bfb0c75bcb6d94d0e6c121068af6aca3c877caf300ff262,.json,DSTC9,other,"top_level=array; sample_keys=doc_id,domain,entity_id,knowledge,response,target"
dstc9/alexa-with-dstc9-track1-dataset-master/results/team05/entry2.score.json,533,19586a217e1f23fffc737d9b5d9eca3c8f54743c025ea9909f4bcab841e59002,.json,DSTC9,other,"top_level=object; sample_keys=detection,f1,generation,meteor,prec,rec,rouge_1,rouge_2,rouge_l,selection"
dstc9/alexa-with-dstc9-track1-dataset-master/results/team05/entry3.check,38,8cd4c7407e6dca27b0d5a0bf0966ae77459f74fb56c8a4434c1f15057924c574,.check,DSTC9,other,not-json
dstc9/alexa-with-dstc9-track1-dataset-master/results/team05/entry3.json,1193450,0a77f5ab095b9ecf59611841419d3e72ffed07324bcc736da2e3985f17ad8921,.json,DSTC9,other,"top_level=array; sample_keys=doc_id,domain,entity_id,knowledge,response,target"
dstc9/alexa-with-dstc9-track1-dataset-master/results/team05/entry3.score.json,523,b22ec165bbf721173121a9a894e3ca8d92fcebacd36b6507dcbb34a73b838473,.json,DSTC9,other,"top_level=object; sample_keys=detection,f1,generation,meteor,prec,rec,rouge_1,rouge_2,rouge_l,selection"
dstc9/alexa-with-dstc9-track1-dataset-master/results/team05/entry4.check,38,8cd4c7407e6dca27b0d5a0bf0966ae77459f74fb56c8a4434c1f15057924c574,.check,DSTC9,other,not-json
dstc9/alexa-with-dstc9-track1-dataset-master/results/team05/entry4.json,1191099,2b29037b3e5531a833f1cc50e54ced5fc872410bf595b41e757941850c45c285,.json,DSTC9,other,"top_level=array; sample_keys=doc_id,domain,entity_id,knowledge,response,target"
dstc9/alexa-with-dstc9-track1-dataset-master/results/team05/entry4.score.json,522,26d58448e59fdf4680450f3a433e179be65b39e2e03f51fae261494d058a57b8,.json,DSTC9,other,"top_level=object; sample_keys=detection,f1,generation,meteor,prec,rec,rouge_1,rouge_2,rouge_l,selection"
dstc9/alexa-with-dstc9-track1-dataset-master/results/team06/entry0.check,38,8cd4c7407e6dca27b0d5a0bf0966ae77459f74fb56c8a4434c1f15057924c574,.check,DSTC9,other,not-json
dstc9/alexa-with-dstc9-track1-dataset-master/results/team06/entry0.json,1209311,65acda5b10c51639f781b72bdb0844921a95eddce9947120787cffe8876ccd73,.json,DSTC9,other,"top_level=array; sample_keys=doc_id,domain,entity_id,knowledge,response,target"
dstc9/alexa-with-dstc9-track1-dataset-master/results/team06/entry0.score.json,534,cccfe01a8d6a8083ef7b9ad0920919ab92ad801dd8adc642e3a3212a6a905d7d,.json,DSTC9,other,"top_level=object; sample_keys=detection,f1,generation,meteor,prec,rec,rouge_1,rouge_2,rouge_l,selection"
dstc9/alexa-with-dstc9-track1-dataset-master/results/team06/entry1.check,38,8cd4c7407e6dca27b0d5a0bf0966ae77459f74fb56c8a4434c1f15057924c574,.check,DSTC9,other,not-json
dstc9/alexa-with-dstc9-track1-dataset-master/results/team06/entry1.json,1239070,0053b762e063f2a816cb3336d99b7a25fdd4ca8274b126bb8045c39de14b0f54,.json,DSTC9,other,"top_level=array; sample_keys=doc_id,domain,entity_id,knowledge,response,target"
dstc9/alexa-with-dstc9-track1-dataset-master/results/team06/entry1.score.json,534,da745cee23a2a36769af024124257d3486442f11b6e231e904ea1887e39ef47d,.json,DSTC9,other,"top_level=object; sample_keys=detection,f1,generation,meteor,prec,rec,rouge_1,rouge_2,rouge_l,selection"
dstc9/alexa-with-dstc9-track1-dataset-master/results/team06/entry2.check,38,8cd4c7407e6dca27b0d5a0bf0966ae77459f74fb56c8a4434c1f15057924c574,.check,DSTC9,other,not-json
dstc9/alexa-with-dstc9-track1-dataset-master/results/team06/entry2.json,1315991,54432252043f70fc9e1ecfb030ff55a013fc8b3f56f12c696f0fcb6a970f6514,.json,DSTC9,other,"top_level=array; sample_keys=doc_id,domain,entity_id,knowledge,response,target"
dstc9/alexa-with-dstc9-track1-dataset-master/results/team06/entry2.score.json,533,063d2b0e1adf1cf464e33ae57e19dda58a71e5d207f9d849caf0048b71665cda,.json,DSTC9,other,"top_level=object; sample_keys=detection,f1,generation,meteor,prec,rec,rouge_1,rouge_2,rouge_l,selection"
dstc9/alexa-with-dstc9-track1-dataset-master/results/team06/entry3.check,38,8cd4c7407e6dca27b0d5a0bf0966ae77459f74fb56c8a4434c1f15057924c574,.check,DSTC9,other,not-json
dstc9/alexa-with-dstc9-track1-dataset-master/results/team06/entry3.json,1315991,54432252043f70fc9e1ecfb030ff55a013fc8b3f56f12c696f0fcb6a970f6514,.json,DSTC9,other,"top_level=array; sample_keys=doc_id,domain,entity_id,knowledge,response,target"
dstc9/alexa-with-dstc9-track1-dataset-master/results/team06/entry3.score.json,533,063d2b0e1adf1cf464e33ae57e19dda58a71e5d207f9d849caf0048b71665cda,.json,DSTC9,other,"top_level=object; sample_keys=detection,f1,generation,meteor,prec,rec,rouge_1,rouge_2,rouge_l,selection"
dstc9/alexa-with-dstc9-track1-dataset-master/results/team06/entry4.check,38,8cd4c7407e6dca27b0d5a0bf0966ae77459f74fb56c8a4434c1f15057924c574,.check,DSTC9,other,not-json
dstc9/alexa-with-dstc9-track1-dataset-master/results/team06/entry4.json,1297891,2e26f00b6af4d4d78db5c5bdc49763c7ab9a2d8011d79864404e53dd5b99b69d,.json,DSTC9,other,"top_level=array; sample_keys=doc_id,domain,entity_id,knowledge,response,target"
dstc9/alexa-with-dstc9-track1-dataset-master/results/team06/entry4.score.json,533,fea09e61f53f49958322a275eadde2820355885845c81088118891fd82d48712,.json,DSTC9,other,"top_level=object; sample_keys=detection,f1,generation,meteor,prec,rec,rouge_1,rouge_2,rouge_l,selection"
dstc9/alexa-with-dstc9-track1-dataset-master/results/team09/entry0.check,38,8cd4c7407e6dca27b0d5a0bf0966ae77459f74fb56c8a4434c1f15057924c574,.check,DSTC9,other,not-json
dstc9/alexa-with-dstc9-track1-dataset-master/results/team09/entry0.json,1076376,323ee4caedeb78e46e7c5680c2a3c4740a39f464437d01562d1cc7c66639a00e,.json,DSTC9,other,"top_level=array; sample_keys=doc_id,domain,entity_id,knowledge,response,target"
dstc9/alexa-with-dstc9-track1-dataset-master/results/team09/entry0.score.json,530,d9627d1d3d9d5601eeb0e1297a98a309e6289a15ddcb00c4e200015d4c8c93e4,.json,DSTC9,other,"top_level=object; sample_keys=detection,f1,generation,meteor,prec,rec,rouge_1,rouge_2,rouge_l,selection"
dstc9/alexa-with-dstc9-track1-dataset-master/results/team09/entry1.check,38,8cd4c7407e6dca27b0d5a0bf0966ae77459f74fb56c8a4434c1f15057924c574,.check,DSTC9,other,not-json
dstc9/alexa-with-dstc9-track1-dataset-master/results/team09/entry1.json,1076709,a96fbd033a016cf8df2bed64b01529d7c0de430430d842c175687877f5e4a5b0,.json,DSTC9,other,"top_level=array; sample_keys=doc_id,domain,entity_id,knowledge,response,target"
dstc9/alexa-with-dstc9-track1-dataset-master/results/team09/entry1.score.json,532,18987156f0cd767942c088de9c6187a3522ae86bf060e336e11c916faf66130d,.json,DSTC9,other,"top_level=object; sample_keys=detection,f1,generation,meteor,prec,rec,rouge_1,rouge_2,rouge_l,selection"
dstc9/alexa-with-dstc9-track1-dataset-master/results/team10/entry0.check,38,8cd4c7407e6dca27b0d5a0bf0966ae77459f74fb56c8a4434c1f15057924c574,.check,DSTC9,other,not-json
dstc9/alexa-with-dstc9-track1-dataset-master/results/team10/entry0.human_eval.json,240659,bec9e4fad0fd0c526cf27ec8e91d68dff7e653fd207f85d86932de0649bab902,.json,DSTC9,other,"top_level=array; sample_keys=accuracy,appropriateness"
dstc9/alexa-with-dstc9-track1-dataset-master/results/team10/entry0.json,1705014,138c108047d153161c7ff038e2293832db3a858798fbb41bcdfc2f366f2bd09b,.json,DSTC9,other,"top_level=array; sample_keys=doc_id,domain,entity_id,knowledge,response,target"
dstc9/alexa-with-dstc9-track1-dataset-master/results/team10/entry0.score.json,532,c210ac7d92a42b574a3388e72d405cd0a8c8c22b8a5c90140fc50be3e05dee7b,.json,DSTC9,other,"top_level=object; sample_keys=detection,f1,generation,meteor,prec,rec,rouge_1,rouge_2,rouge_l,selection"
dstc9/alexa-with-dstc9-track1-dataset-master/results/team11/entry0.check,38,8cd4c7407e6dca27b0d5a0bf0966ae77459f74fb56c8a4434c1f15057924c574,.check,DSTC9,other,not-json
dstc9/alexa-with-dstc9-track1-dataset-master/results/team11/entry0.json,1233402,d23598dccabee36e4c690394ea92cb41044c6fa33f2d2056b96eedf2d1b70c1d,.json,DSTC9,other,"top_level=array; sample_keys=doc_id,domain,entity_id,knowledge,response,target"
dstc9/alexa-with-dstc9-track1-dataset-master/results/team11/entry0.score.json,535,06670b2a8193affdf537ceae9a747359b8872da1e68a2e2ec5c1009bae46abf9,.json,DSTC9,other,"top_level=object; sample_keys=detection,f1,generation,meteor,prec,rec,rouge_1,rouge_2,rouge_l,selection"
dstc9/alexa-with-dstc9-track1-dataset-master/results/team11/entry1.check,38,8cd4c7407e6dca27b0d5a0bf0966ae77459f74fb56c8a4434c1f15057924c574,.check,DSTC9,other,not-json
dstc9/alexa-with-dstc9-track1-dataset-master/results/team11/entry1.json,546847,97328c5c5faafe1dd5ab47aa3396aa6af48e48ceba32f88c4ebd126833ff7e63,.json,DSTC9,other,"top_level=array; sample_keys=doc_id,domain,entity_id,knowledge,response,target"
dstc9/alexa-with-dstc9-track1-dataset-master/results/team11/entry1.score.json,535,491a79310f823d0f5eb15c16977b0bd69fb0679dc32b1ae80634a01bfedcd2e1,.json,DSTC9,other,"top_level=object; sample_keys=detection,f1,generation,meteor,prec,rec,rouge_1,rouge_2,rouge_l,selection"
dstc9/alexa-with-dstc9-track1-dataset-master/results/team11/entry2.check,38,8cd4c7407e6dca27b0d5a0bf0966ae77459f74fb56c8a4434c1f15057924c574,.check,DSTC9,other,not-json
dstc9/alexa-with-dstc9-track1-dataset-master/results/team11/entry2.json,1233486,f0e4321b3ff64a5252742654e80dcb36ce9a69d36944954f83b69a06977b43ab,.json,DSTC9,other,"top_level=array; sample_keys=doc_id,domain,entity_id,knowledge,response,target"
dstc9/alexa-with-dstc9-track1-dataset-master/results/team11/entry2.score.json,533,6607517c83747ca5d02caa8faad0c0b89b60fd7cc9cf1463dfc261619bfc416c,.json,DSTC9,other,"top_level=object; sample_keys=detection,f1,generation,meteor,prec,rec,rouge_1,rouge_2,rouge_l,selection"
dstc9/alexa-with-dstc9-track1-dataset-master/results/team11/entry3.check,38,8cd4c7407e6dca27b0d5a0bf0966ae77459f74fb56c8a4434c1f15057924c574,.check,DSTC9,other,not-json
dstc9/alexa-with-dstc9-track1-dataset-master/results/team11/entry3.human_eval.json,238152,c51a680fd9d5be48ce526a4eb31fa9fcea5eadf91459ec6a78b6586aff057863,.json,DSTC9,other,"top_level=array; sample_keys=accuracy,appropriateness"
dstc9/alexa-with-dstc9-track1-dataset-master/results/team11/entry3.json,1254512,9955299e9e0da9825999e9ab4d7235ecdbe17e14683789b84336e6f86049a5ab,.json,DSTC9,other,"top_level=array; sample_keys=doc_id,domain,entity_id,knowledge,response,target"
dstc9/alexa-with-dstc9-track1-dataset-master/results/team11/entry3.score.json,534,357a0ce0352199b1030fea38802d2ec28e63804c1bad7575a8cf67fd1a493cf8,.json,DSTC9,other,"top_level=object; sample_keys=detection,f1,generation,meteor,prec,rec,rouge_1,rouge_2,rouge_l,selection"
dstc9/alexa-with-dstc9-track1-dataset-master/results/team11/entry4.check,38,8cd4c7407e6dca27b0d5a0bf0966ae77459f74fb56c8a4434c1f15057924c574,.check,DSTC9,other,not-json
dstc9/alexa-with-dstc9-track1-dataset-master/results/team11/entry4.json,1254590,4b7c4ec798d77a669610db092332e19ed82d5f878672b370ab4747d12d986a64,.json,DSTC9,other,"top_level=array; sample_keys=doc_id,domain,entity_id,knowledge,response,target"
dstc9/alexa-with-dstc9-track1-dataset-master/results/team11/entry4.score.json,532,0efbb142e09584d76c15dcb2c138b7522766ca518bad0a2064ca6b85b0bdc9e8,.json,DSTC9,other,"top_level=object; sample_keys=detection,f1,generation,meteor,prec,rec,rouge_1,rouge_2,rouge_l,selection"
dstc9/alexa-with-dstc9-track1-dataset-master/results/team12/entry0.check,38,8cd4c7407e6dca27b0d5a0bf0966ae77459f74fb56c8a4434c1f15057924c574,.check,DSTC9,other,not-json
dstc9/alexa-with-dstc9-track1-dataset-master/results/team12/entry0.json,1583213,5597ded305898e13e5f73a50adf0edd34eae6ac492e09a11b0be46cfc61848a9,.json,DSTC9,other,"top_level=array; sample_keys=doc_id,domain,entity_id,knowledge,response,target"
dstc9/alexa-with-dstc9-track1-dataset-master/results/team12/entry0.score.json,533,d05000f2d903901871b1c1448585dcb6ac1415b4be1266c1bc8e1d29a1e0631f,.json,DSTC9,other,"top_level=object; sample_keys=detection,f1,generation,meteor,prec,rec,rouge_1,rouge_2,rouge_l,selection"
dstc9/alexa-with-dstc9-track1-dataset-master/results/team12/entry1.check,38,8cd4c7407e6dca27b0d5a0bf0966ae77459f74fb56c8a4434c1f15057924c574,.check,DSTC9,other,not-json
dstc9/alexa-with-dstc9-track1-dataset-master/results/team12/entry1.json,1590346,036379f934c5267cd61cfa2bbb0cc211a358f0c2416bad2c7f3fd7582b50cb62,.json,DSTC9,other,"top_level=array; sample_keys=doc_id,domain,entity_id,knowledge,response,target"
dstc9/alexa-with-dstc9-track1-dataset-master/results/team12/entry1.score.json,532,b56888bc033b710423a83073fcc6aa097988f495381feae1827e64060c583c7a,.json,DSTC9,other,"top_level=object; sample_keys=detection,f1,generation,meteor,prec,rec,rouge_1,rouge_2,rouge_l,selection"
dstc9/alexa-with-dstc9-track1-dataset-master/results/team12/entry2.check,38,8cd4c7407e6dca27b0d5a0bf0966ae77459f74fb56c8a4434c1f15057924c574,.check,DSTC9,other,not-json
dstc9/alexa-with-dstc9-track1-dataset-master/results/team12/entry2.json,1583366,e724354dc09bccd53fff99187dfc4f41ce5c8665dc44d9d01777a0b9243ce369,.json,DSTC9,other,"top_level=array; sample_keys=doc_id,domain,entity_id,knowledge,response,target"
dstc9/alexa-with-dstc9-track1-dataset-master/results/team12/entry2.score.json,533,abb47e4dcc338feba3071c4e55764dbf834207d68c4e7abddc8367910cc1e5da,.json,DSTC9,other,"top_level=object; sample_keys=detection,f1,generation,meteor,prec,rec,rouge_1,rouge_2,rouge_l,selection"
dstc9/alexa-with-dstc9-track1-dataset-master/results/team12/entry3.check,38,8cd4c7407e6dca27b0d5a0bf0966ae77459f74fb56c8a4434c1f15057924c574,.check,DSTC9,other,not-json
dstc9/alexa-with-dstc9-track1-dataset-master/results/team12/entry3.json,1590149,45fddba2b5fb2dcf4fa7e040b4cda04329a1bd8c86ddcd8187b7cc36df20a990,.json,DSTC9,other,"top_level=array; sample_keys=doc_id,domain,entity_id,knowledge,response,target"
dstc9/alexa-with-dstc9-track1-dataset-master/results/team12/entry3.score.json,533,45a8e9590e87af52d5e4f6877d8091541af42392d1b890f575e758d38ce86ba9,.json,DSTC9,other,"top_level=object; sample_keys=detection,f1,generation,meteor,prec,rec,rouge_1,rouge_2,rouge_l,selection"
dstc9/alexa-with-dstc9-track1-dataset-master/results/team12/entry4.check,38,8cd4c7407e6dca27b0d5a0bf0966ae77459f74fb56c8a4434c1f15057924c574,.check,DSTC9,other,not-json
dstc9/alexa-with-dstc9-track1-dataset-master/results/team12/entry4.json,1601537,53cab7a594d934a572185b78e27e193fea438c38f6126af4f17964614d18015e,.json,DSTC9,other,"top_level=array; sample_keys=doc_id,domain,entity_id,knowledge,response,target"
dstc9/alexa-with-dstc9-track1-dataset-master/results/team12/entry4.score.json,533,2be5753fa2f0b1f256fdba264b5481af4c72e6624fde73d9159916095f1aed5c,.json,DSTC9,other,"top_level=object; sample_keys=detection,f1,generation,meteor,prec,rec,rouge_1,rouge_2,rouge_l,selection"
dstc9/alexa-with-dstc9-track1-dataset-master/results/team13/entry0.check,38,8cd4c7407e6dca27b0d5a0bf0966ae77459f74fb56c8a4434c1f15057924c574,.check,DSTC9,other,not-json
dstc9/alexa-with-dstc9-track1-dataset-master/results/team13/entry0.json,7762517,d45c21d80b2bfcb7a1c7536dced98bbaa38c446776837de8d9b24064e5bca006,.json,DSTC9,other,"top_level=array; sample_keys=doc_id,domain,entities,entity_id,knowledge,pos,response,score,target"
dstc9/alexa-with-dstc9-track1-dataset-master/results/team13/entry0.score.json,536,04f451c5be1952f7ec0334fcaee0a16b6143fbf7b20bed03360673c531208f11,.json,DSTC9,other,"top_level=object; sample_keys=detection,f1,generation,meteor,prec,rec,rouge_1,rouge_2,rouge_l,selection"
dstc9/alexa-with-dstc9-track1-dataset-master/results/team13/entry1.check,38,8cd4c7407e6dca27b0d5a0bf0966ae77459f74fb56c8a4434c1f15057924c574,.check,DSTC9,other,not-json
dstc9/alexa-with-dstc9-track1-dataset-master/results/team13/entry1.json,7098505,cce33ab0c54af8ef682f648b59b2e408925d8f5d51d4f2e80b10720ab5a5d353,.json,DSTC9,other,"top_level=array; sample_keys=doc_id,domain,entities,entity_id,knowledge,pos,response,score,target"
dstc9/alexa-with-dstc9-track1-dataset-master/results/team13/entry1.score.json,531,b2f5033e040a72149bfc252b77a1a3443f5eaea3aef57d89c535f3a76f24e77c,.json,DSTC9,other,"top_level=object; sample_keys=detection,f1,generation,meteor,prec,rec,rouge_1,rouge_2,rouge_l,selection"
dstc9/alexa-with-dstc9-track1-dataset-master/results/team13/entry2.check,38,8cd4c7407e6dca27b0d5a0bf0966ae77459f74fb56c8a4434c1f15057924c574,.check,DSTC9,other,not-json
dstc9/alexa-with-dstc9-track1-dataset-master/results/team13/entry2.json,7760554,a28b80d83d0d180b2fcb2be479bbbbfb1471353ed159924fc5872f0cb6b2500f,.json,DSTC9,other,"top_level=array; sample_keys=doc_id,domain,entities,entity_id,knowledge,pos,response,score,target"
dstc9/alexa-with-dstc9-track1-dataset-master/results/team13/entry2.score.json,533,e845b13f66b30dae7b722ba7ba13e7f5d9570a7ab69367a1e7e8f643f0707be9,.json,DSTC9,other,"top_level=object; sample_keys=detection,f1,generation,meteor,prec,rec,rouge_1,rouge_2,rouge_l,selection"
dstc9/alexa-with-dstc9-track1-dataset-master/results/team13/entry3.check,38,8cd4c7407e6dca27b0d5a0bf0966ae77459f74fb56c8a4434c1f15057924c574,.check,DSTC9,other,not-json
dstc9/alexa-with-dstc9-track1-dataset-master/results/team13/entry3.human_eval.json,246000,b7cc718231e915dcded80283b317ae95dce73358e3bd2c83d13d02a62f161561,.json,DSTC9,other,"top_level=array; sample_keys=accuracy,appropriateness"
dstc9/alexa-with-dstc9-track1-dataset-master/results/team13/entry3.json,7744782,bee29a01b5f724530cd3edfcaaca2b9a179b3eddb86bb6e02c0837a52bb3e9ce,.json,DSTC9,other,"top_level=array; sample_keys=doc_id,domain,entities,entity_id,knowledge,pos,response,score,target"
dstc9/alexa-with-dstc9-track1-dataset-master/results/team13/entry3.score.json,534,a77b074da42e3534975687aae3b3f3b2655443a52c2e6faa6b8f19f54b25afbc,.json,DSTC9,other,"top_level=object; sample_keys=detection,f1,generation,meteor,prec,rec,rouge_1,rouge_2,rouge_l,selection"
dstc9/alexa-with-dstc9-track1-dataset-master/results/team13/entry4.check,38,8cd4c7407e6dca27b0d5a0bf0966ae77459f74fb56c8a4434c1f15057924c574,.check,DSTC9,other,not-json
dstc9/alexa-with-dstc9-track1-dataset-master/results/team13/entry4.json,7742340,7a274b71935371234121e10598f2c92f64b8b2aa93da2fdccfe14ff117244699,.json,DSTC9,other,"top_level=array; sample_keys=doc_id,domain,entities,entity_id,knowledge,pos,response,score,target"
dstc9/alexa-with-dstc9-track1-dataset-master/results/team13/entry4.score.json,535,5d9405e7965013ef6e95189e9d5cfc93a7d7babb885ec44a9d25f6d8394110a5,.json,DSTC9,other,"top_level=object; sample_keys=detection,f1,generation,meteor,prec,rec,rouge_1,rouge_2,rouge_l,selection"
dstc9/alexa-with-dstc9-track1-dataset-master/results/team14/entry0.check,38,8cd4c7407e6dca27b0d5a0bf0966ae77459f74fb56c8a4434c1f15057924c574,.check,DSTC9,other,not-json
dstc9/alexa-with-dstc9-track1-dataset-master/results/team14/entry0.json,1155990,6167661afce8f516c213a8d2e2a40404508032bf232983c127e3f0257d5b342c,.json,DSTC9,other,"top_level=array; sample_keys=doc_id,domain,entity_id,knowledge,response,target"
dstc9/alexa-with-dstc9-track1-dataset-master/results/team14/entry0.score.json,533,a50e24ee409e453a2884201b952490adf7b6189c82f432bc6042e08328260169,.json,DSTC9,other,"top_level=object; sample_keys=detection,f1,generation,meteor,prec,rec,rouge_1,rouge_2,rouge_l,selection"
dstc9/alexa-with-dstc9-track1-dataset-master/results/team14/entry1.check,38,8cd4c7407e6dca27b0d5a0bf0966ae77459f74fb56c8a4434c1f15057924c574,.check,DSTC9,other,not-json
dstc9/alexa-with-dstc9-track1-dataset-master/results/team14/entry1.json,1155266,111bee9f0e0861d67ea27d37aa3c75c92833d499c76493b3e56465ac0271f5b7,.json,DSTC9,other,"top_level=array; sample_keys=doc_id,domain,entity_id,knowledge,response,target"
dstc9/alexa-with-dstc9-track1-dataset-master/results/team14/entry1.score.json,534,f327577789b97067e7953819118b41c10e4bf951f6b4c7c3e04b26af39427214,.json,DSTC9,other,"top_level=object; sample_keys=detection,f1,generation,meteor,prec,rec,rouge_1,rouge_2,rouge_l,selection"
dstc9/alexa-with-dstc9-track1-dataset-master/results/team14/entry2.check,38,8cd4c7407e6dca27b0d5a0bf0966ae77459f74fb56c8a4434c1f15057924c574,.check,DSTC9,other,not-json
dstc9/alexa-with-dstc9-track1-dataset-master/results/team14/entry2.json,1152872,537a31cf75e056e0fc1d55aca2fe1652f64c0aa1662ac3d4816bb7dbe54f6f91,.json,DSTC9,other,"top_level=array; sample_keys=doc_id,domain,entity_id,knowledge,response,target"
dstc9/alexa-with-dstc9-track1-dataset-master/results/team14/entry2.score.json,534,cecdf822e2a389d8632f6b83ba8ec44bdde0f9443c1fe5de5d9dccfe6626f754,.json,DSTC9,other,"top_level=object; sample_keys=detection,f1,generation,meteor,prec,rec,rouge_1,rouge_2,rouge_l,selection"
dstc9/alexa-with-dstc9-track1-dataset-master/results/team14/entry3.check,38,8cd4c7407e6dca27b0d5a0bf0966ae77459f74fb56c8a4434c1f15057924c574,.check,DSTC9,other,not-json
dstc9/alexa-with-dstc9-track1-dataset-master/results/team14/entry3.json,1154034,704bacb7ecf0575e6ae29672689dbacf721e0f8fd55d9cdba0d0564c3496c707,.json,DSTC9,other,"top_level=array; sample_keys=doc_id,domain,entity_id,knowledge,response,target"
dstc9/alexa-with-dstc9-track1-dataset-master/results/team14/entry3.score.json,529,d9204b45b3e89b1d8738c692719258601be098eac0c25310511dc8fef5a58f44,.json,DSTC9,other,"top_level=object; sample_keys=detection,f1,generation,meteor,prec,rec,rouge_1,rouge_2,rouge_l,selection"
dstc9/alexa-with-dstc9-track1-dataset-master/results/team15/entry0.check,38,8cd4c7407e6dca27b0d5a0bf0966ae77459f74fb56c8a4434c1f15057924c574,.check,DSTC9,other,not-json
dstc9/alexa-with-dstc9-track1-dataset-master/results/team15/entry0.json,1289819,9bb242cb6f67ebdb6d31df8bd88bcc36b9d8ceeb7586dd8fe9b617908cc9d3dc,.json,DSTC9,other,"top_level=array; sample_keys=doc_id,domain,entity_id,knowledge,response,target"
dstc9/alexa-with-dstc9-track1-dataset-master/results/team15/entry0.score.json,533,2fb63a9a2875653bd8670fc4871035289f243218d44b6cad9414498cb2b9de29,.json,DSTC9,other,"top_level=object; sample_keys=detection,f1,generation,meteor,prec,rec,rouge_1,rouge_2,rouge_l,selection"
dstc9/alexa-with-dstc9-track1-dataset-master/results/team15/entry1.check,38,8cd4c7407e6dca27b0d5a0bf0966ae77459f74fb56c8a4434c1f15057924c574,.check,DSTC9,other,not-json
dstc9/alexa-with-dstc9-track1-dataset-master/results/team15/entry1.json,1288778,caa114d5fca8699a230564c0962b9412d031e2d753c5219463e356f5efe16d8a,.json,DSTC9,other,"top_level=array; sample_keys=doc_id,domain,entity_id,knowledge,response,target"
dstc9/alexa-with-dstc9-track1-dataset-master/results/team15/entry1.score.json,535,fb15969e5dff407a64ccd66d3ebaa66fb11c0b590c109bf201eab37e98988b4a,.json,DSTC9,other,"top_level=object; sample_keys=detection,f1,generation,meteor,prec,rec,rouge_1,rouge_2,rouge_l,selection"
dstc9/alexa-with-dstc9-track1-dataset-master/results/team15/entry2.check,38,8cd4c7407e6dca27b0d5a0bf0966ae77459f74fb56c8a4434c1f15057924c574,.check,DSTC9,other,not-json
dstc9/alexa-with-dstc9-track1-dataset-master/results/team15/entry2.json,1293597,2f223fa789b32fe180d4dcc6070ca8494f861a9839df63a66d6eec01ff4dea66,.json,DSTC9,other,"top_level=array; sample_keys=doc_id,domain,entity_id,knowledge,response,target"
dstc9/alexa-with-dstc9-track1-dataset-master/results/team15/entry2.score.json,533,ffb0a7007dbe49149f87d4d48dbc227e6230f82656eea545c4b9d2895c598871,.json,DSTC9,other,"top_level=object; sample_keys=detection,f1,generation,meteor,prec,rec,rouge_1,rouge_2,rouge_l,selection"
dstc9/alexa-with-dstc9-track1-dataset-master/results/team15/entry3.check,38,8cd4c7407e6dca27b0d5a0bf0966ae77459f74fb56c8a4434c1f15057924c574,.check,DSTC9,other,not-json
dstc9/alexa-with-dstc9-track1-dataset-master/results/team15/entry3.human_eval.json,242403,f42f225fcbbd6df8794c74c81726427df155fb3678a61ec2ebe0fbdf5084ef0b,.json,DSTC9,other,"top_level=array; sample_keys=accuracy,appropriateness"
dstc9/alexa-with-dstc9-track1-dataset-master/results/team15/entry3.json,1228835,8e81a26b24ac605ae3cd93420ac2f5620a69c39dec7c1e5c23bfcfe56a35aeb6,.json,DSTC9,other,"top_level=array; sample_keys=doc_id,domain,entity_id,knowledge,response,target"
dstc9/alexa-with-dstc9-track1-dataset-master/results/team15/entry3.score.json,530,9edbe39d23a90824fbea705ba46a18b7b581c2c8637f72d81763a60e141ac4ee,.json,DSTC9,other,"top_level=object; sample_keys=detection,f1,generation,meteor,prec,rec,rouge_1,rouge_2,rouge_l,selection"
dstc9/alexa-with-dstc9-track1-dataset-master/results/team15/entry4.check,38,8cd4c7407e6dca27b0d5a0bf0966ae77459f74fb56c8a4434c1f15057924c574,.check,DSTC9,other,not-json
dstc9/alexa-with-dstc9-track1-dataset-master/results/team15/entry4.json,1228332,b43509187df3c960b8b19dfdb7f6d0d0d4c125cf4e2596fd028b36adc67a3dcd,.json,DSTC9,other,"top_level=array; sample_keys=doc_id,domain,entity_id,knowledge,response,target"
dstc9/alexa-with-dstc9-track1-dataset-master/results/team15/entry4.score.json,535,5e66ee81255cfb644d86c2700f50bb3a83c911c97138549b5843474446d6777a,.json,DSTC9,other,"top_level=object; sample_keys=detection,f1,generation,meteor,prec,rec,rouge_1,rouge_2,rouge_l,selection"
dstc9/alexa-with-dstc9-track1-dataset-master/results/team17/entry0.check,38,8cd4c7407e6dca27b0d5a0bf0966ae77459f74fb56c8a4434c1f15057924c574,.check,DSTC9,other,not-json
dstc9/alexa-with-dstc9-track1-dataset-master/results/team17/entry0.human_eval.json,243929,d0f5f3291d306436cf3287c068edd86a4df9a1bfdfb6054c621c04b91e8f5b0c,.json,DSTC9,other,"top_level=array; sample_keys=accuracy,appropriateness"
dstc9/alexa-with-dstc9-track1-dataset-master/results/team17/entry0.json,1289363,daf292da56532198b728a19f74ddad4159b9a2092d36b9cd9a48174123447aee,.json,DSTC9,other,"top_level=array; sample_keys=doc_id,domain,entity_id,knowledge,response,target"
dstc9/alexa-with-dstc9-track1-dataset-master/results/team17/entry0.score.json,534,e8b33fb922858f9c198a726740d6ed63cead078ee83af429eb6a462df00f002a,.json,DSTC9,other,"top_level=object; sample_keys=detection,f1,generation,meteor,prec,rec,rouge_1,rouge_2,rouge_l,selection"
dstc9/alexa-with-dstc9-track1-dataset-master/results/team17/entry1.check,38,8cd4c7407e6dca27b0d5a0bf0966ae77459f74fb56c8a4434c1f15057924c574,.check,DSTC9,other,not-json
dstc9/alexa-with-dstc9-track1-dataset-master/results/team17/entry1.json,1289477,4d2ad7c1cee3c7002c83b0c7c563872d43e9ce4f3c48ecafbe9d4a58c549ca95,.json,DSTC9,other,"top_level=array; sample_keys=doc_id,domain,entity_id,knowledge,response,target"
dstc9/alexa-with-dstc9-track1-dataset-master/results/team17/entry1.score.json,533,48bd288ec8b9b92701043925e475aee06f350f26e92b1469374f1bdc06f0eea7,.json,DSTC9,other,"top_level=object; sample_keys=detection,f1,generation,meteor,prec,rec,rouge_1,rouge_2,rouge_l,selection"
dstc9/alexa-with-dstc9-track1-dataset-master/results/team17/entry2.check,38,8cd4c7407e6dca27b0d5a0bf0966ae77459f74fb56c8a4434c1f15057924c574,.check,DSTC9,other,not-json
dstc9/alexa-with-dstc9-track1-dataset-master/results/team17/entry2.json,1292385,90d1e4bc99e267bd5d1b7f2b661144c7c29a1c2fd52fb324e6add4303a98a5e4,.json,DSTC9,other,"top_level=array; sample_keys=doc_id,domain,entity_id,knowledge,response,target"
dstc9/alexa-with-dstc9-track1-dataset-master/results/team17/entry2.score.json,533,45d9be776f6e1f67bea3a7d3af88f0eb25233380ee4acd546f7e27daa5a9adb1,.json,DSTC9,other,"top_level=object; sample_keys=detection,f1,generation,meteor,prec,rec,rouge_1,rouge_2,rouge_l,selection"
dstc9/alexa-with-dstc9-track1-dataset-master/results/team17/entry3.check,38,8cd4c7407e6dca27b0d5a0bf0966ae77459f74fb56c8a4434c1f15057924c574,.check,DSTC9,other,not-json
dstc9/alexa-with-dstc9-track1-dataset-master/results/team17/entry3.json,1294583,084e760cbb186f877097d072cd510219b88c7b4fbb6aaad2dd8953a8999e91db,.json,DSTC9,other,"top_level=array; sample_keys=doc_id,domain,entity_id,knowledge,response,target"
dstc9/alexa-with-dstc9-track1-dataset-master/results/team17/entry3.score.json,535,66ecd14de0980e0a6a2cff867ff57ceb3abf9dba43c08fefdd62277528a0be07,.json,DSTC9,other,"top_level=object; sample_keys=detection,f1,generation,meteor,prec,rec,rouge_1,rouge_2,rouge_l,selection"
dstc9/alexa-with-dstc9-track1-dataset-master/results/team17/entry4.check,38,8cd4c7407e6dca27b0d5a0bf0966ae77459f74fb56c8a4434c1f15057924c574,.check,DSTC9,other,not-json
dstc9/alexa-with-dstc9-track1-dataset-master/results/team17/entry4.json,1292061,ed6939a631f0d4e4565dac07a8e019251ab77f64db55d68a1b8cf3137e427f8a,.json,DSTC9,other,"top_level=array; sample_keys=doc_id,domain,entity_id,knowledge,response,target"
dstc9/alexa-with-dstc9-track1-dataset-master/results/team17/entry4.score.json,533,370b1e05ee59be72510b288219080a57d59360ae5eb31f043ab87aaf2c892e24,.json,DSTC9,other,"top_level=object; sample_keys=detection,f1,generation,meteor,prec,rec,rouge_1,rouge_2,rouge_l,selection"
dstc9/alexa-with-dstc9-track1-dataset-master/results/team18/entry0.check,38,8cd4c7407e6dca27b0d5a0bf0966ae77459f74fb56c8a4434c1f15057924c574,.check,DSTC9,other,not-json
dstc9/alexa-with-dstc9-track1-dataset-master/results/team18/entry0.json,832280,20b1f136f7290ba069fbdfb0201e63521ba04a15348833e3c2f206ae0d130694,.json,DSTC9,other,"top_level=array; sample_keys=doc_id,domain,entity_id,knowledge,response,target"
dstc9/alexa-with-dstc9-track1-dataset-master/results/team18/entry0.score.json,531,f49098605fa53c760c101979f588d1a2609ecbada04c8473c4ed0cfbc1677773,.json,DSTC9,other,"top_level=object; sample_keys=detection,f1,generation,meteor,prec,rec,rouge_1,rouge_2,rouge_l,selection"
dstc9/alexa-with-dstc9-track1-dataset-master/results/team18/entry1.check,38,8cd4c7407e6dca27b0d5a0bf0966ae77459f74fb56c8a4434c1f15057924c574,.check,DSTC9,other,not-json
dstc9/alexa-with-dstc9-track1-dataset-master/results/team18/entry1.json,828820,91aa8f773697b26cddab32cf3975a122ceaafb43eda839f12bc26b2343996d94,.json,DSTC9,other,"top_level=array; sample_keys=doc_id,domain,entity_id,knowledge,response,target"
dstc9/alexa-with-dstc9-track1-dataset-master/results/team18/entry1.score.json,533,3ac8ab7dc95e8e11905835bd53396601b9bcda95c2c55afa89c9455f10a3d37f,.json,DSTC9,other,"top_level=object; sample_keys=detection,f1,generation,meteor,prec,rec,rouge_1,rouge_2,rouge_l,selection"
dstc9/alexa-with-dstc9-track1-dataset-master/results/team18/entry2.check,38,8cd4c7407e6dca27b0d5a0bf0966ae77459f74fb56c8a4434c1f15057924c574,.check,DSTC9,other,not-json
dstc9/alexa-with-dstc9-track1-dataset-master/results/team18/entry2.json,827793,918425928ab8aa68823654875003541188a4c6db36572a5a55b98deaa7452163,.json,DSTC9,other,"top_level=array; sample_keys=doc_id,domain,entity_id,knowledge,response,target"
dstc9/alexa-with-dstc9-track1-dataset-master/results/team18/entry2.score.json,533,31f2a858958cf60f270526c596d3f9ce451f782d41b629b53ea13cef103f15bb,.json,DSTC9,other,"top_level=object; sample_keys=detection,f1,generation,meteor,prec,rec,rouge_1,rouge_2,rouge_l,selection"
dstc9/alexa-with-dstc9-track1-dataset-master/results/team18/entry3.check,38,8cd4c7407e6dca27b0d5a0bf0966ae77459f74fb56c8a4434c1f15057924c574,.check,DSTC9,other,not-json
dstc9/alexa-with-dstc9-track1-dataset-master/results/team18/entry3.human_eval.json,234882,ecda47ca8e843002dfecace9e43003a17a05b3d8b131c3f4eb609723e51aea34,.json,DSTC9,other,"top_level=array; sample_keys=accuracy,appropriateness"
dstc9/alexa-with-dstc9-track1-dataset-master/results/team18/entry3.json,829439,4fa37f1a6b25dc335573c35e8903ffcb443d9bf2b42bbe6b2d487ec5a4fc92b6,.json,DSTC9,other,"top_level=array; sample_keys=doc_id,domain,entity_id,knowledge,response,target"
dstc9/alexa-with-dstc9-track1-dataset-master/results/team18/entry3.score.json,534,a68e23f742193e09ff08271f4456d15eeea91be9fd5a12aab25f170e2069b468,.json,DSTC9,other,"top_level=object; sample_keys=detection,f1,generation,meteor,prec,rec,rouge_1,rouge_2,rouge_l,selection"
dstc9/alexa-with-dstc9-track1-dataset-master/results/team18/entry4.check,38,8cd4c7407e6dca27b0d5a0bf0966ae77459f74fb56c8a4434c1f15057924c574,.check,DSTC9,other,not-json
dstc9/alexa-with-dstc9-track1-dataset-master/results/team18/entry4.json,830186,b440a274020013ded5e71af1cc5b3c10ec8e65a18e4730a4172db98cc99c06e6,.json,DSTC9,other,"top_level=array; sample_keys=doc_id,domain,entity_id,knowledge,response,target"
dstc9/alexa-with-dstc9-track1-dataset-master/results/team18/entry4.score.json,535,eb52ab74573f93d280f8fe2ac91b744cbe8831070afe2c7e64b0557738063733,.json,DSTC9,other,"top_level=object; sample_keys=detection,f1,generation,meteor,prec,rec,rouge_1,rouge_2,rouge_l,selection"
dstc9/alexa-with-dstc9-track1-dataset-master/results/team19/entry0.check,38,8cd4c7407e6dca27b0d5a0bf0966ae77459f74fb56c8a4434c1f15057924c574,.check,DSTC9,other,not-json
dstc9/alexa-with-dstc9-track1-dataset-master/results/team19/entry0.json,1610374,9b92b5ce9ba571eb4cace61b114192c021e21f3d1fa52978e5dd2c880f3b4f85,.json,DSTC9,other,"top_level=array; sample_keys=doc_id,domain,entity_id,knowledge,prob,response,target"
dstc9/alexa-with-dstc9-track1-dataset-master/results/team19/entry0.score.json,532,ef7a2142f0f33a10ec6b851590e927cce0c69dcb14895e920f590629cea096a6,.json,DSTC9,other,"top_level=object; sample_keys=detection,f1,generation,meteor,prec,rec,rouge_1,rouge_2,rouge_l,selection"
dstc9/alexa-with-dstc9-track1-dataset-master/results/team19/entry1.check,38,8cd4c7407e6dca27b0d5a0bf0966ae77459f74fb56c8a4434c1f15057924c574,.check,DSTC9,other,not-json
dstc9/alexa-with-dstc9-track1-dataset-master/results/team19/entry1.json,1637500,c66f101bdc36fed7a9b23124c027e02087b9b78a2cb9fdf7ac473223b65a6489,.json,DSTC9,other,"top_level=array; sample_keys=doc_id,domain,entity_id,knowledge,prob,response,target"
dstc9/alexa-with-dstc9-track1-dataset-master/results/team19/entry1.score.json,531,a4254eb7d477809a25f044b8c7df58d143294c3940bcd9f1a2aafccd428df315,.json,DSTC9,other,"top_level=object; sample_keys=detection,f1,generation,meteor,prec,rec,rouge_1,rouge_2,rouge_l,selection"
dstc9/alexa-with-dstc9-track1-dataset-master/results/team19/entry2.check,38,8cd4c7407e6dca27b0d5a0bf0966ae77459f74fb56c8a4434c1f15057924c574,.check,DSTC9,other,not-json
dstc9/alexa-with-dstc9-track1-dataset-master/results/team19/entry2.human_eval.json,245455,5558c873e0faf347196ca781c0b3121090546774ce624b4a86b83dd8de78c258,.json,DSTC9,other,"top_level=array; sample_keys=accuracy,appropriateness"
dstc9/alexa-with-dstc9-track1-dataset-master/results/team19/entry2.json,1669600,b9435bccf38639105a18f64b90a7d0673336e83c27a694bb3eb12677d5abc8fc,.json,DSTC9,other,"top_level=array; sample_keys=doc_id,domain,entity_id,knowledge,prob,response,target"
dstc9/alexa-with-dstc9-track1-dataset-master/results/team19/entry2.score.json,533,8834c2f2bb9d5166641391b7c39314437365b79a30e6929f84c0e3cab6a61705,.json,DSTC9,other,"top_level=object; sample_keys=detection,f1,generation,meteor,prec,rec,rouge_1,rouge_2,rouge_l,selection"
dstc9/alexa-with-dstc9-track1-dataset-master/results/team19/entry3.check,38,8cd4c7407e6dca27b0d5a0bf0966ae77459f74fb56c8a4434c1f15057924c574,.check,DSTC9,other,not-json
dstc9/alexa-with-dstc9-track1-dataset-master/results/team19/entry3.json,1669056,cbe49dfa594af1dea8514013c8ef65b10c951a6a69fc47303100facaf4142627,.json,DSTC9,other,"top_level=array; sample_keys=doc_id,domain,entity_id,knowledge,prob,response,target"
dstc9/alexa-with-dstc9-track1-dataset-master/results/team19/entry3.score.json,530,ed9ef8532191a2fa4215aeffbb192bfebc6ae2601f4539f430efe474893d6099,.json,DSTC9,other,"top_level=object; sample_keys=detection,f1,generation,meteor,prec,rec,rouge_1,rouge_2,rouge_l,selection"
dstc9/alexa-with-dstc9-track1-dataset-master/results/team19/entry4.check,38,8cd4c7407e6dca27b0d5a0bf0966ae77459f74fb56c8a4434c1f15057924c574,.check,DSTC9,other,not-json
dstc9/alexa-with-dstc9-track1-dataset-master/results/team19/entry4.json,1614815,489740972c403278f1956c89bd65e26975ad51c93299530bec0698ee9dc054d3,.json,DSTC9,other,"top_level=array; sample_keys=doc_id,domain,entity_id,knowledge,prob,response,target"
dstc9/alexa-with-dstc9-track1-dataset-master/results/team19/entry4.score.json,529,8af25b17091e5a6b1387d5a168ecb7808a44bed83df383258fe096767778df97,.json,DSTC9,other,"top_level=object; sample_keys=detection,f1,generation,meteor,prec,rec,rouge_1,rouge_2,rouge_l,selection"
dstc9/alexa-with-dstc9-track1-dataset-master/results/team20/entry0.check,38,8cd4c7407e6dca27b0d5a0bf0966ae77459f74fb56c8a4434c1f15057924c574,.check,DSTC9,other,not-json
dstc9/alexa-with-dstc9-track1-dataset-master/results/team20/entry0.json,843934,446bc522d95d854df5d657b09a569facf7d9b036e84ca172dab7c73379a2a119,.json,DSTC9,other,"top_level=array; sample_keys=doc_id,domain,entity_id,knowledge,response,target"
dstc9/alexa-with-dstc9-track1-dataset-master/results/team20/entry0.score.json,532,d9b97746295183594f4e500989ab7d455ea31f635b43f45c9852acbab1b7de7b,.json,DSTC9,other,"top_level=object; sample_keys=detection,f1,generation,meteor,prec,rec,rouge_1,rouge_2,rouge_l,selection"
dstc9/alexa-with-dstc9-track1-dataset-master/results/team20/entry1.check,38,8cd4c7407e6dca27b0d5a0bf0966ae77459f74fb56c8a4434c1f15057924c574,.check,DSTC9,other,not-json
dstc9/alexa-with-dstc9-track1-dataset-master/results/team20/entry1.json,843835,4fa0ff9056a5e5a2bb0984e9cbfd5d79f0a09322437d93b896b13589fadfbf3b,.json,DSTC9,other,"top_level=array; sample_keys=doc_id,domain,entity_id,knowledge,response,target"
dstc9/alexa-with-dstc9-track1-dataset-master/results/team20/entry1.score.json,532,058557770d5cbfd74a488a8534ede41d763952e69a9c302c05cc4f2a149f7613,.json,DSTC9,other,"top_level=object; sample_keys=detection,f1,generation,meteor,prec,rec,rouge_1,rouge_2,rouge_l,selection"
dstc9/alexa-with-dstc9-track1-dataset-master/results/team20/entry2.check,38,8cd4c7407e6dca27b0d5a0bf0966ae77459f74fb56c8a4434c1f15057924c574,.check,DSTC9,other,not-json
dstc9/alexa-with-dstc9-track1-dataset-master/results/team20/entry2.json,843987,4745bcae9c035bf6c8ebb9bf7116865b65c3854eca701aeb33c8f33e68ef0b1f,.json,DSTC9,other,"top_level=array; sample_keys=doc_id,domain,entity_id,knowledge,response,target"
dstc9/alexa-with-dstc9-track1-dataset-master/results/team20/entry2.score.json,534,71b67550e093c6be40b0f800c5637a2c6d5e74faf42dbd60ad2926716b45291c,.json,DSTC9,other,"top_level=object; sample_keys=detection,f1,generation,meteor,prec,rec,rouge_1,rouge_2,rouge_l,selection"
dstc9/alexa-with-dstc9-track1-dataset-master/results/team20/entry3.check,38,8cd4c7407e6dca27b0d5a0bf0966ae77459f74fb56c8a4434c1f15057924c574,.check,DSTC9,other,not-json
dstc9/alexa-with-dstc9-track1-dataset-master/results/team20/entry3.json,843832,f6b3e547fce65ca005daed85d7a8b7357ed820deb0c8aef96c753e50fbe16e0c,.json,DSTC9,other,"top_level=array; sample_keys=doc_id,domain,entity_id,knowledge,response,target"
dstc9/alexa-with-dstc9-track1-dataset-master/results/team20/entry3.score.json,531,27a6be1e88f9b5ef1747b49f74b4839fd8ca074fc6f2ac3326f48025c193bf7a,.json,DSTC9,other,"top_level=object; sample_keys=detection,f1,generation,meteor,prec,rec,rouge_1,rouge_2,rouge_l,selection"
dstc9/alexa-with-dstc9-track1-dataset-master/results/team20/entry4.check,38,8cd4c7407e6dca27b0d5a0bf0966ae77459f74fb56c8a4434c1f15057924c574,.check,DSTC9,other,not-json
dstc9/alexa-with-dstc9-track1-dataset-master/results/team20/entry4.human_eval.json,238697,b7442b0a5172614a79326cc8dff07c00db6a3091b02398a7771d93ab6cffb5d7,.json,DSTC9,other,"top_level=array; sample_keys=accuracy,appropriateness"
dstc9/alexa-with-dstc9-track1-dataset-master/results/team20/entry4.json,843948,40e04f917933e3eb0a766e2c8e6cbc83c4ee90f4643fc0426e7c194b0b743ae5,.json,DSTC9,other,"top_level=array; sample_keys=doc_id,domain,entity_id,knowledge,response,target"
dstc9/alexa-with-dstc9-track1-dataset-master/results/team20/entry4.score.json,531,bc7c9598b7313f1a97e01b5e9ff4c05216d8ddb763f6c79c30840b5de77c51e8,.json,DSTC9,other,"top_level=object; sample_keys=detection,f1,generation,meteor,prec,rec,rouge_1,rouge_2,rouge_l,selection"
dstc9/alexa-with-dstc9-track1-dataset-master/results/team21/entry0.check,38,8cd4c7407e6dca27b0d5a0bf0966ae77459f74fb56c8a4434c1f15057924c574,.check,DSTC9,other,not-json
dstc9/alexa-with-dstc9-track1-dataset-master/results/team21/entry0.json,1504919,a76b9a3a5174f496411d99f739799ab342b37b5e4baee7f12f2ba09e7f277101,.json,DSTC9,other,"top_level=array; sample_keys=doc_id,domain,entity_id,knowledge,response,target"
dstc9/alexa-with-dstc9-track1-dataset-master/results/team21/entry0.score.json,534,32cc03677cc4281943ea9f3882d336db4982b1e58c9f12f50cfb15654526ded6,.json,DSTC9,other,"top_level=object; sample_keys=detection,f1,generation,meteor,prec,rec,rouge_1,rouge_2,rouge_l,selection"
dstc9/alexa-with-dstc9-track1-dataset-master/results/team21/entry1.check,38,8cd4c7407e6dca27b0d5a0bf0966ae77459f74fb56c8a4434c1f15057924c574,.check,DSTC9,other,not-json
dstc9/alexa-with-dstc9-track1-dataset-master/results/team21/entry1.json,1504652,eb6c0bf96068244b139bc07dc46a2fc599040817fd605e50ef0703925ddf2f9a,.json,DSTC9,other,"top_level=array; sample_keys=doc_id,domain,entity_id,knowledge,response,target"
dstc9/alexa-with-dstc9-track1-dataset-master/results/team21/entry1.score.json,534,9cd03e2f10299096d0a77362f1fe6dfdb92affb47eec05f52e2ecbd980450f87,.json,DSTC9,other,"top_level=object; sample_keys=detection,f1,generation,meteor,prec,rec,rouge_1,rouge_2,rouge_l,selection"
dstc9/alexa-with-dstc9-track1-dataset-master/results/team21/entry2.check,38,8cd4c7407e6dca27b0d5a0bf0966ae77459f74fb56c8a4434c1f15057924c574,.check,DSTC9,other,not-json
dstc9/alexa-with-dstc9-track1-dataset-master/results/team21/entry2.json,1566324,620f24158c8f4a3b195acc1b6833033fe13c686d4105c5e0cb832f3b36a8d503,.json,DSTC9,other,"top_level=array; sample_keys=doc_id,domain,entity_id,knowledge,response,target"
dstc9/alexa-with-dstc9-track1-dataset-master/results/team21/entry2.score.json,531,a5250f2c26acdad1e2eb969377adad4bef1d154afa48c06806ceffea6a4aed9b,.json,DSTC9,other,"top_level=object; sample_keys=detection,f1,generation,meteor,prec,rec,rouge_1,rouge_2,rouge_l,selection"
dstc9/alexa-with-dstc9-track1-dataset-master/results/team21/entry3.check,38,8cd4c7407e6dca27b0d5a0bf0966ae77459f74fb56c8a4434c1f15057924c574,.check,DSTC9,other,not-json
dstc9/alexa-with-dstc9-track1-dataset-master/results/team21/entry3.human_eval.json,226053,c06e22d984cb5b3403bd07222efefbd801a7b1a22f089b16d23158e3a091c0ff,.json,DSTC9,other,"top_level=array; sample_keys=accuracy,appropriateness"
dstc9/alexa-with-dstc9-track1-dataset-master/results/team21/entry3.json,1567561,8ff5f4ded35f841ad19420f535abdf10f1e76e71c15e73d613c071dcc75a984a,.json,DSTC9,other,"top_level=array; sample_keys=doc_id,domain,entity_id,knowledge,response,target"
dstc9/alexa-with-dstc9-track1-dataset-master/results/team21/entry3.score.json,535,b2ba186c4e53a2158e8651f9b5acdbfbe82089a6d8606faeeb15b15c90589e93,.json,DSTC9,other,"top_level=object; sample_keys=detection,f1,generation,meteor,prec,rec,rouge_1,rouge_2,rouge_l,selection"
dstc9/alexa-with-dstc9-track1-dataset-master/results/team21/entry4.check,38,8cd4c7407e6dca27b0d5a0bf0966ae77459f74fb56c8a4434c1f15057924c574,.check,DSTC9,other,not-json
dstc9/alexa-with-dstc9-track1-dataset-master/results/team21/entry4.json,1144341,bf456e0e233318a1af6e62dcb8be28573924b6bb64fc72a548ded5084f1c4a6a,.json,DSTC9,other,"top_level=array; sample_keys=doc_id,domain,entity_id,knowledge,response,target"
dstc9/alexa-with-dstc9-track1-dataset-master/results/team21/entry4.score.json,531,f65a0e947d7f55b491f80b7afac83128e0adf2d6d4ae9a06068f4138cf123bad,.json,DSTC9,other,"top_level=object; sample_keys=detection,f1,generation,meteor,prec,rec,rouge_1,rouge_2,rouge_l,selection"
dstc9/alexa-with-dstc9-track1-dataset-master/results/team23/entry0.check,38,8cd4c7407e6dca27b0d5a0bf0966ae77459f74fb56c8a4434c1f15057924c574,.check,DSTC9,other,not-json
dstc9/alexa-with-dstc9-track1-dataset-master/results/team23/entry0.human_eval.json,233792,9f6947053474d41b07eec05415ad4249bd59b0a7b5dfc84fa5c9d392826f8567,.json,DSTC9,other,"top_level=array; sample_keys=accuracy,appropriateness"
dstc9/alexa-with-dstc9-track1-dataset-master/results/team23/entry0.json,1229005,bf8671ef7b7ed239e5fdd4f75dc084dc9b1dd8a8e980e6ded46faf0f48c97337,.json,DSTC9,other,"top_level=array; sample_keys=doc_id,domain,entity_id,knowledge,response,target"
dstc9/alexa-with-dstc9-track1-dataset-master/results/team23/entry0.score.json,531,2ed45a7736dd56040b9cb39d07bb3aee5d15bc214e045f9a4282bdf6dd379cd1,.json,DSTC9,other,"top_level=object; sample_keys=detection,f1,generation,meteor,prec,rec,rouge_1,rouge_2,rouge_l,selection"
dstc9/alexa-with-dstc9-track1-dataset-master/results/team23/entry1.check,38,8cd4c7407e6dca27b0d5a0bf0966ae77459f74fb56c8a4434c1f15057924c574,.check,DSTC9,other,not-json
dstc9/alexa-with-dstc9-track1-dataset-master/results/team23/entry1.json,1206284,7ca21904632496f761f6471f0fe330aac46200ef855f5b8c45aea2fe8c746ff2,.json,DSTC9,other,"top_level=array; sample_keys=doc_id,domain,entity_id,knowledge,response,target"
dstc9/alexa-with-dstc9-track1-dataset-master/results/team23/entry1.score.json,535,3743f7821bd2f091bcd78b557f5f1a22832d8b6d385b36ea51af818801cc67ab,.json,DSTC9,other,"top_level=object; sample_keys=detection,f1,generation,meteor,prec,rec,rouge_1,rouge_2,rouge_l,selection"
dstc9/alexa-with-dstc9-track1-dataset-master/results/team23/entry2.check,38,8cd4c7407e6dca27b0d5a0bf0966ae77459f74fb56c8a4434c1f15057924c574,.check,DSTC9,other,not-json
dstc9/alexa-with-dstc9-track1-dataset-master/results/team23/entry2.json,1229072,5e297bdfb1a9f7393300ad60faa3f871846d719478f4e9d4a43d76c1fcacef47,.json,DSTC9,other,"top_level=array; sample_keys=doc_id,domain,entity_id,knowledge,response,target"
dstc9/alexa-with-dstc9-track1-dataset-master/results/team23/entry2.score.json,533,ad24d2f05b3877589459406c9274ed67cec1270a7894e489e5a7ea940e0509a6,.json,DSTC9,other,"top_level=object; sample_keys=detection,f1,generation,meteor,prec,rec,rouge_1,rouge_2,rouge_l,selection"
dstc9/alexa-with-dstc9-track1-dataset-master/results/team23/entry3.check,38,8cd4c7407e6dca27b0d5a0bf0966ae77459f74fb56c8a4434c1f15057924c574,.check,DSTC9,other,not-json
dstc9/alexa-with-dstc9-track1-dataset-master/results/team23/entry3.json,1195805,eeb2f61021f0c60643a1ec1bbd280edcc2745f60916c13e4e8fa83c2b8e93cfe,.json,DSTC9,other,"top_level=array; sample_keys=doc_id,domain,entity_id,knowledge,response,target"
dstc9/alexa-with-dstc9-track1-dataset-master/results/team23/entry3.score.json,533,0294e785e817126cd65d0ac1818dfc4b46c0512f9de497d00b2570c387b5e529,.json,DSTC9,other,"top_level=object; sample_keys=detection,f1,generation,meteor,prec,rec,rouge_1,rouge_2,rouge_l,selection"
dstc9/alexa-with-dstc9-track1-dataset-master/results/team23/entry4.check,38,8cd4c7407e6dca27b0d5a0bf0966ae77459f74fb56c8a4434c1f15057924c574,.check,DSTC9,other,not-json
dstc9/alexa-with-dstc9-track1-dataset-master/results/team23/entry4.json,790682,2e4f2a00458b7c09eb2991a472a464434acbde7af25474cc26eb3c704c78defa,.json,DSTC9,other,"top_level=array; sample_keys=doc_id,domain,entity_id,knowledge,response,target"
dstc9/alexa-with-dstc9-track1-dataset-master/results/team23/entry4.score.json,530,34592229e90277f68740ab2dce22229e365aa2e540faa47fa530e2267fd18fcb,.json,DSTC9,other,"top_level=object; sample_keys=detection,f1,generation,meteor,prec,rec,rouge_1,rouge_2,rouge_l,selection"
dstc9/alexa-with-dstc9-track1-dataset-master/run_baseline.sh,1582,98be175237ecc3898827809b0d1e43f6946a88937dbf67326104fdeca3b18c41,.sh,DSTC9,other,not-json
dstc9/alexa-with-dstc9-track1-dataset-master/scripts/__init__.py,0,e3b0c44298fc1c149afbf4c8996fb92427ae41e4649b934ca495991b7852b855,.py,DSTC9,other,not-json
dstc9/alexa-with-dstc9-track1-dataset-master/scripts/check_results.py,3010,aa9b26564522d03dbba66136dc767257a275714c935f9b9a7d254cb0d75f8081,.py,DSTC9,other,not-json
dstc9/alexa-with-dstc9-track1-dataset-master/scripts/dataset_walker.py,999,5e2eef0bd2f98cc6f13a84f951fc75879831a139b5df86bc7f93d24934343ec4,.py,DSTC9,other,not-json
dstc9/alexa-with-dstc9-track1-dataset-master/scripts/knowledge_reader.py,3596,87c7eb198f6c4b100c8e990c0ba9a9d29ce24ce35820d20d22dc520772b7ab2f,.py,DSTC9,other,not-json
dstc9/alexa-with-dstc9-track1-dataset-master/scripts/README.md,737,c168e539d48197f817df7d09750a0e889440fa0af2cba710cf34da0d070e22ec,.md,DSTC9,other,not-json
dstc9/alexa-with-dstc9-track1-dataset-master/scripts/scores.py,8703,14fe96869f2c04c2c6ce3c1a4a1eb06f0f7c2e6d16e0491994c8f7a16599a4b5,.py,DSTC9,other,not-json
dstc9/alexa-with-dstc9-track1-dataset-master/train_baseline.sh,1825,312b64faff98cdd4dd8a904e014c95286502f2eb75a4f06e141506ebccdd1d21,.sh,DSTC9,other,not-json
ketod_outer/ketod-main/code/kg_selection/config.py,1662,c2e8b55cf9e562ab69a00293a30d9af0e685a0b12e243a6db0fb8eeaed01ab73,.py,KETOD,release-archive,not-json
ketod_outer/ketod-main/code/kg_selection/Main.py,8154,0c5ab36007f8490b741641fbecf30dd5d2719d57d447f5f6d0ab67756507b806,.py,KETOD,release-archive,not-json
ketod_outer/ketod-main/code/kg_selection/Model.py,1437,bd15dc5f3c8c282280709cf353d7120303c5fd576c4a63f4c052223ddb12fac1,.py,KETOD,release-archive,not-json
ketod_outer/ketod-main/code/kg_selection/process_data.py,5588,ecc268c1f753f92b32105c4aea751be306f344f7c359544d524a3cf644a784b0,.py,KETOD,release-archive,not-json
ketod_outer/ketod-main/code/kg_selection/run_model.sh,136,4982ebd2ad52071910818235d48d6b04d353b6845273e682b890ae83ee9dad10,.sh,KETOD,release-archive,not-json
ketod_outer/ketod-main/code/kg_selection/Test.py,4541,b1cbe4795fac0762172d5966ddb9ab7aa709091c9933c6fe917ddb76a60aa009,.py,KETOD,release-archive,not-json
ketod_outer/ketod-main/code/kg_selection/tfidf_selection.py,2935,d3ba4e32e9a7d6938510eaf4e486d3fa59ed97688ea3948d75bd5296c3c4e3b2,.py,KETOD,release-archive,not-json
ketod_outer/ketod-main/code/kg_selection/utils.py,23017,cbebd7ba6d1b23a66a4a84182e45301d3a48c9780386677d2a0b1125678c4459,.py,KETOD,release-archive,not-json
ketod_outer/ketod-main/code/simpletodplus/gen_data.py,9992,472f3cb754b2bf421e45a156be6b720346f2e7a1fda8ef5c96294f01b859b0aa,.py,KETOD,release-archive,not-json
ketod_outer/ketod-main/code/simpletodplus/gen_kg_train.py,2609,e4d1af761ed99b87f5126354e9b21e010e756605a87557f93c4420705f6b9dab,.py,KETOD,release-archive,not-json
ketod_outer/ketod-main/code/simpletodplus/run_simpletod.sh,6823,48dfb19111d2b0ca3063a6cd2d87ca3f03a8722b2c129c47e6c86c2297a5b295,.sh,KETOD,release-archive,not-json
ketod_outer/ketod-main/code/simpletodplus/test_simpletod_simple.py,20564,626600546676f4fb923d7629eae1f272a2f819e04b30afdfe550b877915d5c86,.py,KETOD,release-archive,not-json
ketod_outer/ketod-main/code/simpletodplus/train_simpletod.py,7800,9b0a150bd7b927ea5107c7953370ba87c7dd4eb5a21a43d930d37ae4f35911e0,.py,KETOD,release-archive,not-json
ketod_outer/ketod-main/code/simpletodplus/utils.py,799,a716a337c5c35b2bf8d80c658f0f106cb06348162dd8e4ed3d64ab478b5b121c,.py,KETOD,release-archive,not-json
ketod_outer/ketod-main/CODE_OF_CONDUCT.md,3541,d4d00a8ac00c1735cd2f3fb50ca67c83960ef9123fc5656f2e69056c905ed244,.md,KETOD,release-archive,not-json
ketod_outer/ketod-main/CONTRIBUTING.md,1341,79a3177e17ef24456fc105f90229468184793e8f553ae0eb7702746da11400d8,.md,KETOD,release-archive,not-json
ketod_outer/ketod-main/gen_ketod_data.py,2671,6831906f1387c3b089d774ce7c8a14dcc18438a55092e5bf7f72bd6de2cc937c,.py,KETOD,release-archive,not-json
ketod_outer/ketod-main/ketod_release.zip,26256228,9a279c69249b59280066737158e6c52c70543936f19859623ffe997ee76653bd,.zip,KETOD,release-archive,not-json
ketod_outer/ketod-main/LICENSE,1089,e16b8d6ba8de2b8bfe25ed3d641cb3311e1cde53c31a16eebf03dccd162cb057,,KETOD,release-archive,not-json
ketod_outer/ketod-main/README.md,3737,aee20002b05cf0014c647e57de8da2a0de8a21db36fc4d79eb603f0af10e25f2,.md,KETOD,release-archive,not-json
ketod_release/ketod_release/dev_ketod.json,16631199,12df645a76e4aa66f0e7bd344f83460e4b0d2b0e016fa66200b0951d93199493,.json,KETOD,dev-annotation,"top_level=array; sample_keys=dialog_query,dialogue_id,enrich,enriched_utter,entity_passages,entity_query,kg_snippets,kg_snippets_text,turns"
ketod_release/ketod_release/test_ketod.json,16090573,10ea0f9bc4ba0ff66f028cf0537c5d04b61843bc5b2578374e375a77e27db5c3,.json,KETOD,test-annotation,"top_level=array; sample_keys=dialog_query,dialogue_id,enrich,enriched_utter,entity_passages,entity_query,kg_snippets,kg_snippets_text,turns"
ketod_release/ketod_release/train_ketod.json,138429183,84a9561a26a57bb00f25e5f88a9177e68e5cb16b8f8466754f509c3e78942fb4,.json,KETOD,train-annotation,"top_level=array; sample_keys=dialog_query,dialogue_id,enrich,enriched_utter,entity_passages,entity_query,kg_snippets,kg_snippets_text,turns"
sgd/dstc8-schema-guided-dialogue-master/dev/dialogues_001.json,2225937,fe3a8ed9e160c15e20e7cfd16d03734b4473df0d3864f2ad687ea9eeee5eea52,.json,KETOD upstream SGD,dev,"top_level=array; sample_keys=act,actions,active_intent,canonical_values,date,dialogue_id,exclusive_end,frames,location,method,number_of_seats,parameters,requested_slots,restaurant_name,service,service_call,services,slot,slot_values,slots"
sgd/dstc8-schema-guided-dialogue-master/dev/dialogues_002.json,2507250,fcbc8ba411ed8b3e0b06dff31819dc366f6bc6d228e021053920365e11004b03,.json,KETOD upstream SGD,dev,"top_level=array; sample_keys=act,actions,active_intent,approximate_ride_duration,canonical_values,destination,dialogue_id,exclusive_end,frames,method,number_of_riders,parameters,requested_slots,ride_fare,service,service_call,service_results,services,shared_ride,slot"
sgd/dstc8-schema-guided-dialogue-master/dev/dialogues_003.json,1965028,5915cea36b77de920fbd66569333db2395626ec465ba23e2f0caa77fba2e5dae,.json,KETOD upstream SGD,dev,"top_level=array; sample_keys=act,actions,active_intent,alarm_name,alarm_time,canonical_values,dialogue_id,exclusive_end,frames,method,new_alarm_name,new_alarm_time,parameters,requested_slots,service,service_call,service_results,services,slot,slot_values"
sgd/dstc8-schema-guided-dialogue-master/dev/dialogues_004.json,2794855,d379a5149a86304a22162531e122ff9a7b8e9e46178789a5170e0a7091dd2bbf,.json,KETOD upstream SGD,dev,"top_level=array; sample_keys=act,actions,active_intent,address,area,canonical_values,dialogue_id,exclusive_end,frames,furnished,method,number_of_baths,number_of_beds,parameters,pets_allowed,phone_number,property_name,rent,requested_slots,service"
sgd/dstc8-schema-guided-dialogue-master/dev/dialogues_005.json,1512309,107d8bc1ce21b06453f33cc8dfc19172e0956646b47d9c1db7bdcd978a323d73,.json,KETOD upstream SGD,dev,"top_level=array; sample_keys=account_balance,account_type,act,actions,active_intent,canonical_values,dialogue_id,exclusive_end,frames,method,parameters,recipient_account_type,requested_slots,service,service_call,service_results,services,slot,slot_values,slots"
sgd/dstc8-schema-guided-dialogue-master/dev/dialogues_006.json,2680136,20140828f25496461003140b67a5987d954109d9e14e12e472ed565ed2843bc3,.json,KETOD upstream SGD,dev,"top_level=array; sample_keys=act,actions,active_intent,actors,canonical_values,dialogue_id,director,exclusive_end,frames,genre,method,movie_name,parameters,price,requested_slots,service,service_call,service_results,services,slot"
sgd/dstc8-schema-guided-dialogue-master/dev/dialogues_007.json,1381473,d9af6ffcb69257ab3ce10e4637fc4d45d268094e55693b170a9b5b9d914dc611,.json,KETOD upstream SGD,dev,"top_level=array; sample_keys=act,actions,active_intent,address_of_location,canonical_values,category,city_of_event,date,dialogue_id,event_location,event_name,exclusive_end,frames,method,parameters,requested_slots,service,service_call,service_results,services"
sgd/dstc8-schema-guided-dialogue-master/dev/dialogues_008.json,4040385,986264c54cfabb8c70ace72e209ff0cd000523daecde226b19b3dbd6f44ea09b,.json,KETOD upstream SGD,dev,"top_level=array; sample_keys=act,actions,active_intent,canonical_values,dialogue_id,exclusive_end,frames,from_location,leaving_date,leaving_time,requested_slots,service,services,slot,slot_values,slots,speaker,start,state,to_location"
sgd/dstc8-schema-guided-dialogue-master/dev/dialogues_009.json,3323617,92479f0285dcb5db0d50f51b27a86aa0368a62214c575ad5cdd74299372fa71f,.json,KETOD upstream SGD,dev,"top_level=array; sample_keys=act,actions,active_intent,address_of_location,canonical_values,category,city_of_event,date,dialogue_id,event_location,event_name,exclusive_end,frames,method,parameters,requested_slots,service,service_call,service_results,services"
sgd/dstc8-schema-guided-dialogue-master/dev/dialogues_010.json,2485450,76d9ff1656e8cad2287cd5cd44bb8e18df0bd8cc7d3340543e1980b61241d3f8,.json,KETOD upstream SGD,dev,"top_level=array; sample_keys=act,actions,active_intent,actors,canonical_values,dialogue_id,director,exclusive_end,frames,genre,method,movie_name,parameters,price,requested_slots,service,service_call,service_results,services,slot"
sgd/dstc8-schema-guided-dialogue-master/dev/dialogues_011.json,3171402,7f034dd1bc18e75fc21077dd6270f8e1f51d97fad80b4e6069dbbe28c3ebdd41,.json,KETOD upstream SGD,dev,"top_level=array; sample_keys=act,actions,active_intent,actors,canonical_values,dialogue_id,director,exclusive_end,frames,genre,method,movie_name,parameters,price,requested_slots,service,service_call,service_results,services,slot"
sgd/dstc8-schema-guided-dialogue-master/dev/dialogues_012.json,4080667,9228d58681e3b98db2e7c6a9bef86994718455e3a7d4c7584b6ac53bc35969d3,.json,KETOD upstream SGD,dev,"top_level=array; sample_keys=act,actions,active_intent,canonical_values,car_name,dialogue_id,dropoff_date,exclusive_end,frames,method,parameters,pickup_city,pickup_date,pickup_location,pickup_time,requested_slots,service,service_call,service_results,services"
sgd/dstc8-schema-guided-dialogue-master/dev/dialogues_013.json,3550658,a62cf6bddd52beae0980ecdedf312373976425a9302fb0da79af1270b28b16e1,.json,KETOD upstream SGD,dev,"top_level=array; sample_keys=act,actions,active_intent,airlines,arrives_next_day,canonical_values,departure_date,destination_airport_name,destination_city,dialogue_id,exclusive_end,flight_class,frames,method,number_checked_bags,number_stops,origin_airport_name,origin_city,outbound_arrival_time,outbound_departure_time"
sgd/dstc8-schema-guided-dialogue-master/dev/dialogues_014.json,3960820,aca7316a63a215bcdeb95189c2e3259f50cd29da9a77deaa264b92ba737b8e95,.json,KETOD upstream SGD,dev,"top_level=array; sample_keys=act,actions,active_intent,address,canonical_values,city,dialogue_id,exclusive_end,frames,method,parameters,phone_number,requested_slots,service,service_call,service_results,services,slot,slot_values,slots"
sgd/dstc8-schema-guided-dialogue-master/dev/dialogues_015.json,4295570,8d8d7b25c21e4a24ed5b3adf0310a66124496f6d3d9a962ca2e77a29eac0f51a,.json,KETOD upstream SGD,dev,"top_level=array; sample_keys=act,actions,active_intent,canonical_values,car_name,dialogue_id,dropoff_date,exclusive_end,frames,method,parameters,pickup_city,pickup_date,pickup_location,pickup_time,requested_slots,service,service_call,service_results,services"
sgd/dstc8-schema-guided-dialogue-master/dev/dialogues_016.json,3972559,36ed533dd0e0b8f178a0aa9ea70a12d7fa3ab042ec4959061aa70b391b92785c,.json,KETOD upstream SGD,dev,"top_level=array; sample_keys=act,actions,active_intent,canonical_values,car_name,dialogue_id,dropoff_date,exclusive_end,frames,method,parameters,pickup_city,pickup_date,pickup_location,pickup_time,requested_slots,service,service_call,service_results,services"
sgd/dstc8-schema-guided-dialogue-master/dev/dialogues_017.json,5023594,50da6ef54acf2cdf630ec99f75fa7fca33bc41683c10d2a4540b4c94a081c11a,.json,KETOD upstream SGD,dev,"top_level=array; sample_keys=act,actions,active_intent,album,artist,canonical_values,city,date,dialogue_id,exclusive_end,frames,genre,humidity,method,parameters,precipitation,requested_slots,service,service_call,service_results"
sgd/dstc8-schema-guided-dialogue-master/dev/dialogues_018.json,4315111,debc2d37540a4cebb1ff0e1a0b14eb55accd55071c21dbb2c2624bf978d82d3a,.json,KETOD upstream SGD,dev,"top_level=array; sample_keys=act,actions,active_intent,address,canonical_values,city,dialogue_id,exclusive_end,frames,method,parameters,phone_number,requested_slots,service,service_call,service_results,services,slot,slot_values,slots"
sgd/dstc8-schema-guided-dialogue-master/dev/dialogues_019.json,4183695,2e3934d15b5e0b8d47b0018845fb6fb6b1f5d8f480e1788ea67d934aaa2179eb,.json,KETOD upstream SGD,dev,"top_level=array; sample_keys=act,actions,active_intent,canonical_values,city_of_event,date,dialogue_id,event_name,exclusive_end,frames,number_of_seats,requested_slots,service,services,slot,slot_values,slots,speaker,start,state"
sgd/dstc8-schema-guided-dialogue-master/dev/dialogues_020.json,3404013,7e022ed5e4c972d607e71e46baeb0b79f57967d5e6de4a4fb28a99a1ed30d9c3,.json,KETOD upstream SGD,dev,"top_level=array; sample_keys=act,actions,active_intent,address_of_location,canonical_values,category,city_of_event,date,dialogue_id,event_location,event_name,exclusive_end,frames,method,parameters,requested_slots,service,service_call,service_results,services"
sgd/dstc8-schema-guided-dialogue-master/dev/schema.json,45576,8fee8b1211500a4a1fb071765150e3267d20148bcad72a22c04bb1fdcd649366,.json,KETOD upstream SGD,dev,"top_level=array; sample_keys=description,intents,is_categorical,is_transactional,name,new_alarm_name,optional_slots,possible_values,recipient_account_type,required_slots,result_slots,service_name,slots,travelers"
sgd/dstc8-schema-guided-dialogue-master/test/dialogues_001.json,2039827,1fa13b0fe607100bc66ed15e0490df9c52a2cec087ca9733e0f506755eef0ada,.json,KETOD upstream SGD,test,"top_level=array; sample_keys=act,actions,active_intent,canonical_values,date,dialogue_id,exclusive_end,frames,location,method,number_of_seats,parameters,requested_slots,restaurant_name,service,service_call,services,slot,slot_values,slots"
sgd/dstc8-schema-guided-dialogue-master/test/dialogues_002.json,1954151,b3b2a2596fad9146e96e4e1aa288f975332e2c7a3153bb2379d75e8d71c35a20,.json,KETOD upstream SGD,test,"top_level=array; sample_keys=act,actions,active_intent,album,artist,canonical_values,device,dialogue_id,exclusive_end,frames,genre,method,parameters,requested_slots,service,service_call,service_results,services,slot,slot_values"
sgd/dstc8-schema-guided-dialogue-master/test/dialogues_003.json,1817838,b595a04f7848aed76d11e82250089023e42a6e5ce047c78b8ddd0f4856dcbecb,.json,KETOD upstream SGD,test,"top_level=array; sample_keys=act,actions,active_intent,airlines,canonical_values,departure_date,destination_airport,dialogue_id,exclusive_end,frames,is_nonstop,method,number_of_tickets,origin_airport,outbound_arrival_time,outbound_departure_time,parameters,price,requested_slots,seating_class"
sgd/dstc8-schema-guided-dialogue-master/test/dialogues_004.json,2554643,5468f85dd867c7cc825aa6918980dd3142c95c926d685a56803b91cd2d3eb379,.json,KETOD upstream SGD,test,"top_level=array; sample_keys=act,actions,active_intent,canonical_values,car_name,car_type,city,dialogue_id,end_date,exclusive_end,frames,method,parameters,pickup_location,pickup_time,price_per_day,requested_slots,service,service_call,service_results"
sgd/dstc8-schema-guided-dialogue-master/test/dialogues_005.json,1908492,9f344d5660b5d8bf6935f72cf4dc11149caaf9febf688fd748eacbe262c67c2b,.json,KETOD upstream SGD,test,"top_level=array; sample_keys=act,actions,active_intent,canonical_values,category,departure_date,departure_time,dialogue_id,exclusive_end,frames,from_city,from_station,method,num_passengers,parameters,price,requested_slots,service,service_call,service_results"
sgd/dstc8-schema-guided-dialogue-master/test/dialogues_006.json,1932663,249d591df0c32b5518560c37a02cdc09b147ea4f95d1373ac22d42c656788ab7,.json,KETOD upstream SGD,test,"top_level=array; sample_keys=act,actions,active_intent,address,canonical_values,city,dialogue_id,exclusive_end,frames,method,parameters,phone_number,requested_slots,service,service_call,service_results,services,slot,slot_values,slots"
sgd/dstc8-schema-guided-dialogue-master/test/dialogues_007.json,2120186,24c5c86501aa50d045f4ba8822bf06606967261365fc5ca6ffa8f7375bd54935,.json,KETOD upstream SGD,test,"top_level=array; sample_keys=act,actions,active_intent,canonical_values,city,date,dialogue_id,exclusive_end,frames,humidity,method,parameters,precipitation,requested_slots,service,service_call,service_results,services,slot,slot_values"
sgd/dstc8-schema-guided-dialogue-master/test/dialogues_008.json,2119144,e4ecce8acdd5b3657de7a7660b9bcd339d88a629147711ad2545b695666279c5,.json,KETOD upstream SGD,test,"top_level=array; sample_keys=act,actions,active_intent,address,canonical_values,dialogue_id,exclusive_end,frames,has_garage,in_unit_laundry,method,number_of_baths,number_of_beds,parameters,phone_number,price,property_name,requested_slots,service,service_call"
sgd/dstc8-schema-guided-dialogue-master/test/dialogues_009.json,1945100,5d30edca006e4b4159a8027d68c3bcd241447d2257deb51b467b9aeefa7b1158,.json,KETOD upstream SGD,test,"top_level=array; sample_keys=act,actions,active_intent,canonical_values,class,date_of_journey,dialogue_id,exclusive_end,frames,from,from_station,journey_start_time,method,number_of_adults,parameters,requested_slots,service,service_call,service_results,services"
sgd/dstc8-schema-guided-dialogue-master/test/dialogues_010.json,1376297,b4fc2c16d0cb46e14d0def357f4a941ee61fad3c6c8dd430ac8bae6145f1e4d0,.json,KETOD upstream SGD,test,"top_level=array; sample_keys=act,actions,active_intent,canonical_values,cast,dialogue_id,directed_by,exclusive_end,frames,genre,method,movie_title,parameters,percent_rating,requested_slots,service,service_call,service_results,services,slot"
sgd/dstc8-schema-guided-dialogue-master/test/dialogues_011.json,1017746,1c2e312ce653bdd4ba1fe74b44ef20b36bab74b8ccf7bc2e591c632d5492a21b,.json,KETOD upstream SGD,test,"top_level=array; sample_keys=act,actions,active_intent,address,canonical_values,dialogue_id,exclusive_end,frames,has_laundry_service,method,number_of_adults,parameters,phone_number,rating,requested_slots,service,service_call,service_results,services,slot"
sgd/dstc8-schema-guided-dialogue-master/test/dialogues_012.json,4287498,30ccd033dfeb5032cb74ca237ee4679fb00abf9b2e21b0c686da543ec3ac8ca6,.json,KETOD upstream SGD,test,"top_level=array; sample_keys=act,actions,active_intent,canonical_values,departure_date,departure_time,dialogue_id,exclusive_end,frames,from_city,num_passengers,requested_slots,service,services,slot,slot_values,slots,speaker,start,state"
sgd/dstc8-schema-guided-dialogue-master/test/dialogues_013.json,2992048,b31c288da94b084e4963e7eda27e11922c7c230e9de0bb159856facb442684bc,.json,KETOD upstream SGD,test,"top_level=array; sample_keys=act,actions,active_intent,canonical_values,city,date,dialogue_id,event_name,event_type,exclusive_end,frames,method,parameters,price_per_ticket,requested_slots,service,service_call,service_results,services,slot"
sgd/dstc8-schema-guided-dialogue-master/test/dialogues_014.json,2299187,52c79021d28c2bb2bb69210f360c61c49250696eaf1b04fdfa89e1fd9a7be2c7,.json,KETOD upstream SGD,test,"top_level=array; sample_keys=act,actions,active_intent,canonical_values,dialogue_id,exclusive_end,frames,genre,method,parameters,requested_slots,service,service_call,service_results,services,slot,slot_values,slots,speaker,starring"
sgd/dstc8-schema-guided-dialogue-master/test/dialogues_015.json,3384304,4e14295fac05ce179d72ec30b67f6b01e24e2d4c4836b95cc842d8ae4a93131f,.json,KETOD upstream SGD,test,"top_level=array; sample_keys=act,actions,active_intent,album,artist,canonical_values,dialogue_id,exclusive_end,frames,genre,method,parameters,requested_slots,service,service_call,service_results,services,slot,slot_values,slots"
sgd/dstc8-schema-guided-dialogue-master/test/dialogues_016.json,4691169,b0515e87357d8537df046a38d2418257b38e16e9df1a960c9de2bd3d21e19c8b,.json,KETOD upstream SGD,test,"top_level=array; sample_keys=act,actions,active_intent,average_rating,canonical_values,city,dialogue_id,exclusive_end,frames,is_unisex,method,parameters,phone_number,requested_slots,service,service_call,service_results,services,slot,slot_values"
sgd/dstc8-schema-guided-dialogue-master/test/dialogues_017.json,3155647,ec669b6b24667e01033069827200312b9af4a182789a15784c43b4be5cf0668e,.json,KETOD upstream SGD,test,"top_level=array; sample_keys=act,actions,active_intent,average_rating,canonical_values,city,dialogue_id,exclusive_end,frames,is_unisex,method,parameters,phone_number,requested_slots,service,service_call,service_results,services,slot,slot_values"
sgd/dstc8-schema-guided-dialogue-master/test/dialogues_018.json,3685297,51e761019af71be0558667b69d917b120def65b6434f019e7e0c95584ad7fdbc,.json,KETOD upstream SGD,test,"top_level=array; sample_keys=act,actions,active_intent,airlines,canonical_values,city,date,departure_date,destination_airport,dialogue_id,exclusive_end,frames,humidity,method,parameters,precipitation,requested_slots,service,service_call,service_results"
sgd/dstc8-schema-guided-dialogue-master/test/dialogues_019.json,4519326,2bf4a842c133c427beb7162408488f39ab04cc8e7178ff51c489b41678652834,.json,KETOD upstream SGD,test,"top_level=array; sample_keys=act,actions,active_intent,address,canonical_values,category,dialogue_id,exclusive_end,frames,has_seating_outdoors,has_vegetarian_options,location,method,parameters,phone_number,price_range,rating,requested_slots,restaurant_name,service"
sgd/dstc8-schema-guided-dialogue-master/test/dialogues_020.json,4131834,9619574d5043827ea2e397702b88033dc013e4ac870f410a8016c8b223f55ec4,.json,KETOD upstream SGD,test,"top_level=array; sample_keys=act,actions,active_intent,canonical_values,dialogue_id,exclusive_end,frames,location,method,number_of_rooms,parameters,phone_number,place_name,price_per_night,requested_slots,service,service_call,service_results,services,slot"
sgd/dstc8-schema-guided-dialogue-master/test/dialogues_021.json,3637097,7259172a6ba19f5d065fe95b4ae41755c6ac32cf2fec80fae6d52d94b8a10a1d,.json,KETOD upstream SGD,test,"top_level=array; sample_keys=act,actions,active_intent,canonical_values,destination,dialogue_id,exclusive_end,frames,method,number_of_seats,parameters,requested_slots,ride_fare,ride_type,service,service_call,service_results,services,slot,slot_values"
sgd/dstc8-schema-guided-dialogue-master/test/dialogues_022.json,6287583,ffed1c89eb5c589c159b70062433e0655c5955ef9f1dd0b3c0e4ddb1db9ac74b,.json,KETOD upstream SGD,test,"top_level=array; sample_keys=act,actions,active_intent,canonical_values,city,date,dialogue_id,event_name,event_type,exclusive_end,frames,method,parameters,price_per_ticket,requested_slots,service,service_call,service_results,services,slot"
sgd/dstc8-schema-guided-dialogue-master/test/dialogues_023.json,4858015,c3466bc38d356b2abb6a71e61f502e0b5c82cf35584b3c655d01a89165e8fe80,.json,KETOD upstream SGD,test,"top_level=array; sample_keys=act,actions,active_intent,canonical_values,dialogue_id,exclusive_end,frames,genre,method,parameters,requested_slots,service,service_call,service_results,services,slot,slot_values,slots,speaker,starring"
sgd/dstc8-schema-guided-dialogue-master/test/dialogues_024.json,3814170,728b605675f7d4da54dfe8c3746eabfdec884f75c9306f5cdb3d8eb3ab315e5c,.json,KETOD upstream SGD,test,"top_level=array; sample_keys=act,actions,active_intent,airlines,canonical_values,departure_date,destination_airport,dialogue_id,exclusive_end,frames,is_nonstop,method,number_of_tickets,origin_airport,outbound_arrival_time,outbound_departure_time,parameters,price,requested_slots,seating_class"
sgd/dstc8-schema-guided-dialogue-master/test/dialogues_025.json,3909834,50e8aa3052aa720279068de31d7c7225d08b035ac62e488aadca0e1edd39145d,.json,KETOD upstream SGD,test,"top_level=array; sample_keys=act,actions,active_intent,amount,canonical_values,dialogue_id,exclusive_end,frames,method,parameters,payment_method,private_visibility,receiver,requested_slots,service,service_call,service_results,services,slot,slot_values"
sgd/dstc8-schema-guided-dialogue-master/test/dialogues_026.json,5427415,981946b39930b73c78b63af1ec220c71b15e24529f24b48d435f917a1375ff7d,.json,KETOD upstream SGD,test,"top_level=array; sample_keys=act,actions,active_intent,address,alarm_name,alarm_time,canonical_values,category,dialogue_id,exclusive_end,frames,has_seating_outdoors,has_vegetarian_options,location,method,parameters,phone_number,price_range,rating,requested_slots"
sgd/dstc8-schema-guided-dialogue-master/test/dialogues_027.json,4349741,d05108c80386d35891f511a425e4a194a22a74c22a14d3f12e3b7a54252c4f96,.json,KETOD upstream SGD,test,"top_level=array; sample_keys=act,actions,active_intent,canonical_values,class,date_of_journey,dialogue_id,exclusive_end,frames,from,from_station,journey_start_time,method,number_of_adults,parameters,requested_slots,service,service_call,service_results,services"
sgd/dstc8-schema-guided-dialogue-master/test/dialogues_028.json,4395570,8548c8881eb5445ec8f9d8877ada1371c4698890ec76c96408929957d36b4d79,.json,KETOD upstream SGD,test,"top_level=array; sample_keys=act,actions,active_intent,canonical_values,cast,dialogue_id,directed_by,exclusive_end,frames,genre,method,movie_title,parameters,percent_rating,requested_slots,service,service_call,service_results,services,slot"
sgd/dstc8-schema-guided-dialogue-master/test/dialogues_029.json,5439064,97fd99e95c0d5169f57e85a7799214de7bf7495d3613652a6ac8a494f10021fb,.json,KETOD upstream SGD,test,"top_level=array; sample_keys=act,actions,active_intent,attraction_name,canonical_values,category,dialogue_id,exclusive_end,frames,free_entry,good_for_kids,location,method,parameters,phone_number,requested_slots,service,service_call,service_results,services"
sgd/dstc8-schema-guided-dialogue-master/test/dialogues_030.json,4107674,dabf6b8051f03ad1049a4c6b89f48986a5d597d0e637ccf555faa0241ecdbe87,.json,KETOD upstream SGD,test,"top_level=array; sample_keys=act,actions,active_intent,canonical_values,city,date,dialogue_id,event_name,event_type,exclusive_end,frames,method,parameters,price_per_ticket,requested_slots,service,service_call,service_results,services,slot"
sgd/dstc8-schema-guided-dialogue-master/test/dialogues_031.json,4640417,c78c04a16cde6eccbd4092d70d7e6053651e4bdab89a993a4dafa78eedf47c0f,.json,KETOD upstream SGD,test,"top_level=array; sample_keys=act,actions,active_intent,average_rating,canonical_values,city,dialogue_id,exclusive_end,frames,is_unisex,location,method,parameters,phone_number,requested_slots,service,service_call,service_results,services,slot"
sgd/dstc8-schema-guided-dialogue-master/test/dialogues_032.json,3672080,b7b739ccdd51ce4cd60d0b4d4ccaa751831bf448965e9bacfe5b7a123bc0f806,.json,KETOD upstream SGD,test,"top_level=array; sample_keys=act,actions,active_intent,address,appointment_time,canonical_values,city,dialogue_id,exclusive_end,frames,method,parameters,phone_number,requested_slots,service,service_call,service_results,services,slot,slot_values"
sgd/dstc8-schema-guided-dialogue-master/test/dialogues_033.json,3386860,a9f5b0c275a55ba40374ea10c723e88c37b8f0dabd55c2a9d3679de2495e224d,.json,KETOD upstream SGD,test,"top_level=array; sample_keys=act,actions,active_intent,address,area,canonical_values,dialogue_id,exclusive_end,frames,has_garage,in_unit_laundry,intent,method,number_of_baths,number_of_beds,parameters,phone_number,price,property_name,requested_slots"
sgd/dstc8-schema-guided-dialogue-master/test/dialogues_034.json,1605989,d412ac423182dfe367d1549be9580bd7a964b695f5fd1a4d9d77c849763294a9,.json,KETOD upstream SGD,test,"top_level=array; sample_keys=act,actions,active_intent,address,attraction_name,canonical_values,category,dialogue_id,exclusive_end,frames,free_entry,good_for_kids,has_laundry_service,location,method,number_of_adults,parameters,phone_number,rating,requested_slots"
sgd/dstc8-schema-guided-dialogue-master/test/schema.json,54864,0b4af32e01695aec4788681fe6b22fb7ee908907269f5ac7167d01f4c4132bcb,.json,KETOD upstream SGD,test,"top_level=array; sample_keys=additional_luggage,category,date,description,intents,is_categorical,is_transactional,name,new_alarm_name,num_passengers,optional_slots,possible_values,required_slots,result_slots,service_name,slots"
sgd/dstc8-schema-guided-dialogue-master/train/dialogues_001.json,3128575,5ce28a6e656bc88c1da29c983d243d5a81eb37de92698da3864d1cf02894ca24,.json,KETOD upstream SGD,train,"top_level=array; sample_keys=act,actions,active_intent,canonical_values,city,cuisine,dialogue_id,exclusive_end,frames,has_live_music,method,parameters,phone_number,price_range,requested_slots,restaurant_name,serves_alcohol,service,service_call,service_results"
sgd/dstc8-schema-guided-dialogue-master/train/dialogues_002.json,2233395,56a06f9762593b27f5b34225de4ce37da5e83c9c5747e56bca2899f147d88b3e,.json,KETOD upstream SGD,train,"top_level=array; sample_keys=act,actions,active_intent,canonical_values,city,cuisine,dialogue_id,exclusive_end,frames,has_live_music,method,parameters,phone_number,price_range,requested_slots,restaurant_name,serves_alcohol,service,service_call,service_results"
sgd/dstc8-schema-guided-dialogue-master/train/dialogues_003.json,1804298,aae3d8d141c8c36bc5268ca573044b4e82d4534947c169d951a1f229b9852029,.json,KETOD upstream SGD,train,"top_level=array; sample_keys=act,actions,active_intent,canonical_values,dialogue_id,directed_by,exclusive_end,frames,genre,method,parameters,requested_slots,service,service_call,service_results,services,slot,slot_values,slots,speaker"
sgd/dstc8-schema-guided-dialogue-master/train/dialogues_004.json,2502125,4f4aa821e01d7d9efd44c2e89264d37e428045e7058bf3b3c6be0eaec09eddce,.json,KETOD upstream SGD,train,"top_level=array; sample_keys=act,actions,active_intent,canonical_values,city,date,dialogue_id,exclusive_end,frames,party_size,requested_slots,restaurant_name,service,services,slot,slot_values,slots,speaker,start,state"
sgd/dstc8-schema-guided-dialogue-master/train/dialogues_005.json,2089510,e19563efc34dead580435331d39ec3183c79230fa361b2e2d79035af242dd90b,.json,KETOD upstream SGD,train,"top_level=array; sample_keys=act,actions,active_intent,canonical_values,city,date,dialogue_id,event_name,exclusive_end,frames,method,parameters,requested_slots,service,service_call,service_results,services,slot,slot_values,slots"
sgd/dstc8-schema-guided-dialogue-master/train/dialogues_006.json,1957196,6b4829cb18185f063b81d271b847aa6915ef970cb592a2366edbec56d4b4c746,.json,KETOD upstream SGD,train,"top_level=array; sample_keys=act,actions,active_intent,album,artist,canonical_values,dialogue_id,exclusive_end,frames,genre,method,parameters,playback_device,requested_slots,service,service_call,service_results,services,slot,slot_values"
sgd/dstc8-schema-guided-dialogue-master/train/dialogues_007.json,2012361,59adf47264e106df1ce4a59d2c88e95b5a12497e6f5e3e5464381c2a7526837c,.json,KETOD upstream SGD,train,"top_level=array; sample_keys=act,actions,active_intent,album,artist,canonical_values,dialogue_id,exclusive_end,frames,genre,method,parameters,requested_slots,service,service_call,service_results,services,slot,slot_values,slots"
sgd/dstc8-schema-guided-dialogue-master/train/dialogues_008.json,2703055,36614c125ce310dd162b62d624b8bcd117053cf727978458b6c36b6592f6e757,.json,KETOD upstream SGD,train,"top_level=array; sample_keys=act,actions,active_intent,album,artist,canonical_values,dialogue_id,exclusive_end,frames,genre,method,parameters,requested_slots,service,service_call,service_results,services,slot,slot_values,slots"
sgd/dstc8-schema-guided-dialogue-master/train/dialogues_009.json,3177831,d8cc086374bbce168a03169341687eaa9f886fe25f8b8dd5bd6832f6f441951d,.json,KETOD upstream SGD,train,"top_level=array; sample_keys=act,actions,active_intent,canonical_values,category,city,date,dialogue_id,event_name,event_type,exclusive_end,frames,method,parameters,requested_slots,service,service_call,service_results,services,slot"
sgd/dstc8-schema-guided-dialogue-master/train/dialogues_010.json,3679169,d8658cd35bd4b6d274720d14308ec721f238d70cc37ea947c38f9d83a0267c1b,.json,KETOD upstream SGD,train,"top_level=array; sample_keys=act,actions,active_intent,canonical_values,category,city,date,dialogue_id,event_name,event_type,exclusive_end,frames,method,parameters,requested_slots,service,service_call,service_results,services,slot"
sgd/dstc8-schema-guided-dialogue-master/train/dialogues_011.json,2328620,66f7eb72a46fa379d85e53ae607e5920a4fa14a4a99765d91ee67f3675fdf4d7,.json,KETOD upstream SGD,train,"top_level=array; sample_keys=act,actions,active_intent,canonical_values,category,city,date,dialogue_id,event_name,event_type,exclusive_end,frames,method,parameters,requested_slots,service,service_call,service_results,services,slot"
sgd/dstc8-schema-guided-dialogue-master/train/dialogues_012.json,1945135,483b09fc9ad3d5b7285d2e1bc44057f1286ea3e73d7ff191fcec5e1acb364412,.json,KETOD upstream SGD,train,"top_level=array; sample_keys=act,actions,active_intent,canonical_values,category,city,date,dialogue_id,event_name,event_type,exclusive_end,frames,method,parameters,requested_slots,service,service_call,service_results,services,slot"
sgd/dstc8-schema-guided-dialogue-master/train/dialogues_013.json,2187442,c6592a97753a8d3be8bae0099b3877e21f293a12d8daf9bcdcbec7289d5f1be3,.json,KETOD upstream SGD,train,"top_level=array; sample_keys=act,actions,active_intent,canonical_values,dialogue_id,exclusive_end,frames,genre,location,method,movie_name,parameters,price,requested_slots,service,service_call,service_results,services,show_type,slot"
sgd/dstc8-schema-guided-dialogue-master/train/dialogues_014.json,2126844,5cd6cc68c676a2546a3312eda0f29be170ab5f0d6c602c9548ffa2c095037c7b,.json,KETOD upstream SGD,train,"top_level=array; sample_keys=act,actions,active_intent,canonical_values,dialogue_id,exclusive_end,frames,genre,location,method,movie_name,parameters,price,requested_slots,service,service_call,service_results,services,show_type,slot"
sgd/dstc8-schema-guided-dialogue-master/train/dialogues_015.json,1744364,b698e8db9b0898186453ec9fcec5f80ab043cfe301447d28dc577e99bd3acfd3,.json,KETOD upstream SGD,train,"top_level=array; sample_keys=act,actions,active_intent,canonical_values,city_of_event,date,dialogue_id,event_name,exclusive_end,frames,number_of_seats,requested_slots,service,services,slot,slot_values,slots,speaker,start,state"
sgd/dstc8-schema-guided-dialogue-master/train/dialogues_016.json,1857379,5a7d85a3058f38bf40290782721865c3d816f43841e0cd302b21167eefecf449,.json,KETOD upstream SGD,train,"top_level=array; sample_keys=act,actions,active_intent,airlines,canonical_values,departure_date,destination,destination_airport,dialogue_id,exclusive_end,fare,frames,is_redeye,method,number_stops,origin,origin_airport,outbound_arrival_time,outbound_departure_time,parameters"
sgd/dstc8-schema-guided-dialogue-master/train/dialogues_017.json,3043775,0eb666f375ba2cc6362c88c02cfd255b702a2b8216e30fce200f630bcca99fa0,.json,KETOD upstream SGD,train,"top_level=array; sample_keys=act,actions,active_intent,airlines,canonical_values,departure_date,destination_airport,destination_city,dialogue_id,exclusive_end,frames,method,number_stops,origin_airport,origin_city,outbound_arrival_time,outbound_departure_time,parameters,passengers,price"
sgd/dstc8-schema-guided-dialogue-master/train/dialogues_018.json,3272644,ceadf059b7c4ec5e31b7b53ee696198c7a5baa2ff03544b81b4adbe9cb7eca05,.json,KETOD upstream SGD,train,"top_level=array; sample_keys=act,actions,active_intent,airlines,canonical_values,departure_date,destination_airport,destination_city,dialogue_id,exclusive_end,frames,method,number_stops,origin_airport,origin_city,outbound_arrival_time,outbound_departure_time,parameters,passengers,price"
sgd/dstc8-schema-guided-dialogue-master/train/dialogues_019.json,2457615,96adb06dd0605bb3536bc5e795d045d745a035e9d1c2ed05f7e89937fe883fb9,.json,KETOD upstream SGD,train,"top_level=array; sample_keys=act,actions,active_intent,airlines,canonical_values,departure_date,destination_airport,destination_city,dialogue_id,exclusive_end,frames,inbound_arrival_time,inbound_departure_time,method,number_stops,origin_airport,origin_city,outbound_arrival_time,outbound_departure_time,parameters"
sgd/dstc8-schema-guided-dialogue-master/train/dialogues_020.json,1683144,b2a3cd6d8e677c6a9d342f5703a947525b17b906348cd944a4da1c449ff4f3a4,.json,KETOD upstream SGD,train,"top_level=array; sample_keys=act,actions,active_intent,canonical_values,dialogue_id,directed_by,exclusive_end,frames,genre,method,parameters,requested_slots,service,service_call,service_results,services,slot,slot_values,slots,speaker"
sgd/dstc8-schema-guided-dialogue-master/train/dialogues_021.json,2311967,f13f15b1b62f62d4ae6b71db4f37a1843861d8c1c8907fd0fde19451c08576e9,.json,KETOD upstream SGD,train,"top_level=array; sample_keys=act,actions,active_intent,canonical_values,dialogue_id,directed_by,exclusive_end,frames,genre,method,parameters,requested_slots,service,service_call,service_results,services,slot,slot_values,slots,speaker"
sgd/dstc8-schema-guided-dialogue-master/train/dialogues_022.json,1701259,01a403f462a62b324f94de598c279b5adbaee55ac10c7aed72d798aa5924c510,.json,KETOD upstream SGD,train,"top_level=array; sample_keys=act,actions,active_intent,airlines,canonical_values,departure_date,destination,destination_airport,dialogue_id,exclusive_end,fare,frames,is_redeye,method,number_stops,origin,origin_airport,outbound_arrival_time,outbound_departure_time,parameters"
sgd/dstc8-schema-guided-dialogue-master/train/dialogues_023.json,2733844,73bf6f4be084de8fafa347257f39cf7c312bc488178dd2ce667f6e5f8baddb82,.json,KETOD upstream SGD,train,"top_level=array; sample_keys=act,actions,active_intent,approximate_ride_duration,canonical_values,destination,dialogue_id,exclusive_end,frames,method,number_of_riders,parameters,requested_slots,ride_fare,service,service_call,service_results,services,shared_ride,slot"
sgd/dstc8-schema-guided-dialogue-master/train/dialogues_024.json,2882867,fc951b44990efac041bbbd993172b954d3d55af8230a00ce78ba8bbd50daf82a,.json,KETOD upstream SGD,train,"top_level=array; sample_keys=act,actions,active_intent,canonical_values,car_name,car_type,dialogue_id,dropoff_date,exclusive_end,frames,method,parameters,pickup_city,pickup_date,pickup_location,pickup_time,requested_slots,service,service_call,service_results"
sgd/dstc8-schema-guided-dialogue-master/train/dialogues_025.json,2508401,8305b0d85317d77c5b6ebf128ba4d5e2410e248071a49eb2e05b1ee347c1833d,.json,KETOD upstream SGD,train,"top_level=array; sample_keys=act,actions,active_intent,airlines,canonical_values,departure_date,destination_airport,destination_city,dialogue_id,exclusive_end,frames,inbound_arrival_time,inbound_departure_time,method,number_stops,origin_airport,origin_city,outbound_arrival_time,outbound_departure_time,parameters"
sgd/dstc8-schema-guided-dialogue-master/train/dialogues_026.json,1795205,2b2e2c497c870d39c575892c7aae38b08cd4e39bd3a795be1e8550330e747800,.json,KETOD upstream SGD,train,"top_level=array; sample_keys=act,actions,active_intent,canonical_values,dialogue_id,exclusive_end,fare,frames,from_location,from_station,leaving_date,leaving_time,method,parameters,requested_slots,service,service_call,service_results,services,slot"
sgd/dstc8-schema-guided-dialogue-master/train/dialogues_027.json,3214939,63b5dd62e100afa001b596cda967f5bc86f93dc1072bd00bdc57a198ff691268,.json,KETOD upstream SGD,train,"top_level=array; sample_keys=act,actions,active_intent,canonical_values,departure_date,departure_time,destination,destination_station_name,dialogue_id,exclusive_end,fare_type,frames,group_size,method,origin,origin_station_name,parameters,price,requested_slots,service"
sgd/dstc8-schema-guided-dialogue-master/train/dialogues_028.json,2970619,225af9eebcb34f90ab1c9634c5771c9e6179019fdb903884ff70a5833b77620c,.json,KETOD upstream SGD,train,"top_level=array; sample_keys=act,actions,active_intent,canonical_values,dialogue_id,exclusive_end,fare,frames,from_location,from_station,leaving_date,leaving_time,method,parameters,requested_slots,service,service_call,service_results,services,slot"
sgd/dstc8-schema-guided-dialogue-master/train/dialogues_029.json,2757385,87b61fd3495d851df7fa66ce43084431a7cd19154c1de32c0d6949bf6c74bae9,.json,KETOD upstream SGD,train,"top_level=array; sample_keys=act,actions,active_intent,address,appointment_date,appointment_time,canonical_values,city,dentist_name,dialogue_id,exclusive_end,frames,method,offers_cosmetic_services,parameters,phone_number,requested_slots,service,service_call,service_results"
sgd/dstc8-schema-guided-dialogue-master/train/dialogues_030.json,2986214,82b282eb98a4a26832b5e87d85fdfa8e19b1073a5a903123f7a28d056c4ec2b7,.json,KETOD upstream SGD,train,"top_level=array; sample_keys=act,actions,active_intent,average_rating,canonical_values,city,dialogue_id,exclusive_end,frames,is_unisex,method,parameters,phone_number,requested_slots,service,service_call,service_results,services,slot,slot_values"
sgd/dstc8-schema-guided-dialogue-master/train/dialogues_031.json,3173364,45e31767734dc89d825b8f84c37fdd258250bb1e0b63d8a8e775c99dde07547e,.json,KETOD upstream SGD,train,"top_level=array; sample_keys=act,actions,active_intent,address,area,canonical_values,dialogue_id,exclusive_end,frames,furnished,method,number_of_baths,number_of_beds,parameters,pets_allowed,phone_number,property_name,rent,requested_slots,service"
sgd/dstc8-schema-guided-dialogue-master/train/dialogues_032.json,2099971,70a0916baba1e2fbeaef8bc8c2086cd3f31555a8eaec6d0eed80e483ed2b9a59,.json,KETOD upstream SGD,train,"top_level=array; sample_keys=act,actions,active_intent,address,area,canonical_values,dialogue_id,exclusive_end,frames,furnished,method,number_of_baths,number_of_beds,parameters,pets_allowed,phone_number,property_name,rent,requested_slots,service"
sgd/dstc8-schema-guided-dialogue-master/train/dialogues_033.json,1415091,74c23ae93203ed5672015ce13d01c01d80d4f3a3ccd64c8f62f52e0b7c411871,.json,KETOD upstream SGD,train,"top_level=array; sample_keys=act,actions,active_intent,address,canonical_values,city,dentist_name,dialogue_id,exclusive_end,frames,method,offers_cosmetic_services,parameters,phone_number,requested_slots,service,service_call,service_results,services,slot"
sgd/dstc8-schema-guided-dialogue-master/train/dialogues_034.json,3187990,782a499577aba5dc0f11edb6ed803cb8023bd4828a914cb4ff712966604e36cb,.json,KETOD upstream SGD,train,"top_level=array; sample_keys=act,actions,active_intent,average_rating,canonical_values,city,dialogue_id,doctor_name,exclusive_end,frames,method,parameters,phone_number,requested_slots,service,service_call,service_results,services,slot,slot_values"
sgd/dstc8-schema-guided-dialogue-master/train/dialogues_035.json,1880139,d6cf92ad829d275f15a62409ab8d24187a5e120b09d8f545d16d898ed4a36fd7,.json,KETOD upstream SGD,train,"top_level=array; sample_keys=act,actions,active_intent,address,area,canonical_values,dialogue_id,exclusive_end,frames,furnished,method,number_of_baths,number_of_beds,parameters,pets_allowed,phone_number,property_name,rent,requested_slots,service"
sgd/dstc8-schema-guided-dialogue-master/train/dialogues_036.json,2271996,34223f6b06febfc5b86b0b20324e98b42e9ab4ca7e9c9797c6ba4e49e86e5cce,.json,KETOD upstream SGD,train,"top_level=array; sample_keys=act,actions,active_intent,appointment_date,appointment_time,canonical_values,dentist_name,dialogue_id,exclusive_end,frames,method,parameters,requested_slots,service,service_call,services,slot,slot_values,slots,speaker"
sgd/dstc8-schema-guided-dialogue-master/train/dialogues_037.json,4335433,6e6bd6787f30640305ce0dc1b1dac8fa3d9b53ab0dd28c224519ff727cea916f,.json,KETOD upstream SGD,train,"top_level=array; sample_keys=act,actions,active_intent,airlines,canonical_values,departure_date,destination_airport,destination_city,dialogue_id,exclusive_end,frames,method,number_stops,origin_airport,origin_city,outbound_arrival_time,outbound_departure_time,parameters,passengers,price"
sgd/dstc8-schema-guided-dialogue-master/train/dialogues_038.json,2522702,936ee784006908d323d558b84e1646dd932a3b4978bc03deafa1da6e2776e6f0,.json,KETOD upstream SGD,train,"top_level=array; sample_keys=act,actions,active_intent,airlines,canonical_values,departure_date,destination_city,dialogue_id,exclusive_end,frames,method,origin_city,requested_slots,return_date,seating_class,service,service_call,services,slot,slot_values"
sgd/dstc8-schema-guided-dialogue-master/train/dialogues_039.json,2016820,155da94cb95bdbc95e52062459e46b98cce4c8e049b956c5f285ce7a821a08c3,.json,KETOD upstream SGD,train,"top_level=array; sample_keys=act,actions,active_intent,canonical_values,dialogue_id,event_date,event_location,event_name,event_time,exclusive_end,frames,method,parameters,requested_slots,service,service_call,service_results,services,slot,slot_values"
sgd/dstc8-schema-guided-dialogue-master/train/dialogues_040.json,1801095,c807c28a3d1dbbe8ecaddd96ed97ac7b67918b12181e07eb89fb046ef6084891,.json,KETOD upstream SGD,train,"top_level=array; sample_keys=account_type,act,actions,active_intent,amount,canonical_values,dialogue_id,exclusive_end,frames,method,parameters,recipient_account_name,recipient_account_type,requested_slots,service,service_call,service_results,services,slot,slot_values"
sgd/dstc8-schema-guided-dialogue-master/train/dialogues_041.json,2803330,d24455e00ea88b20a94cfd54581b30b224c207b20a197484ef9b27022af47f05,.json,KETOD upstream SGD,train,"top_level=array; sample_keys=act,actions,active_intent,canonical_values,check_in_date,check_out_date,dialogue_id,exclusive_end,frames,hotel_name,location,requested_slots,service,services,slot,slot_values,slots,speaker,start,state"
sgd/dstc8-schema-guided-dialogue-master/train/dialogues_042.json,1661780,51d94d5d602cbf51c819c8f79a25f45174ebc3191c8ea3b2278d5b6c96742d51,.json,KETOD upstream SGD,train,"top_level=array; sample_keys=act,actions,active_intent,canonical_values,destination,dialogue_id,exclusive_end,frames,has_wifi,hotel_name,method,number_of_rooms,parameters,phone_number,price_per_night,requested_slots,service,service_call,service_results,services"
sgd/dstc8-schema-guided-dialogue-master/train/dialogues_043.json,1648319,98c9cc7865bc70e67123cc4e64daad8843d5750552bae2559d7bb95aae782c0a,.json,KETOD upstream SGD,train,"top_level=array; sample_keys=act,actions,active_intent,canonical_values,city,cuisine,dialogue_id,exclusive_end,frames,has_live_music,method,parameters,phone_number,price_range,requested_slots,restaurant_name,serves_alcohol,service,service_call,service_results"
sgd/dstc8-schema-guided-dialogue-master/train/dialogues_044.json,4091935,8d3024399540122bef422925f2508ead00bcd85e4f07e16236de87747555fe5f,.json,KETOD upstream SGD,train,"top_level=array; sample_keys=act,actions,active_intent,canonical_values,city,date,dialogue_id,event_name,exclusive_end,frames,method,parameters,requested_slots,service,service_call,service_results,services,slot,slot_values,slots"
sgd/dstc8-schema-guided-dialogue-master/train/dialogues_045.json,2795079,056df88c7bbff91bcc9b8fe009bfc6f01400aa59feae549cace7d5caa823dcb0,.json,KETOD upstream SGD,train,"top_level=array; sample_keys=act,actions,active_intent,canonical_values,dialogue_id,exclusive_end,frames,genre,location,method,movie_name,parameters,price,requested_slots,service,service_call,service_results,services,show_date,show_time"
sgd/dstc8-schema-guided-dialogue-master/train/dialogues_046.json,3270897,79c92a6fbb92481deb5fe00127359c6029724b49ade4913704a08ce397938eeb,.json,KETOD upstream SGD,train,"top_level=array; sample_keys=act,actions,active_intent,album,artist,canonical_values,city,date,dialogue_id,exclusive_end,frames,genre,humidity,method,parameters,precipitation,requested_slots,service,service_call,service_results"
sgd/dstc8-schema-guided-dialogue-master/train/dialogues_047.json,3589299,fbe4e810316077148a2d96c8197928486a547946b44b9fce96eafa4f6fa4e0e7,.json,KETOD upstream SGD,train,"top_level=array; sample_keys=act,actions,active_intent,average_rating,canonical_values,dialogue_id,exclusive_end,frames,hotel_name,location,method,number_of_rooms,parameters,pets_welcome,phone_number,price,requested_slots,service,service_call,service_results"
sgd/dstc8-schema-guided-dialogue-master/train/dialogues_048.json,3522631,882d7c255da334163b024a6fd511c5eaeedfd507da4db350e4ed2cde393cc787,.json,KETOD upstream SGD,train,"top_level=array; sample_keys=act,actions,active_intent,address,canonical_values,city,date,dialogue_id,exclusive_end,frames,has_laundry_service,humidity,method,number_of_adults,parameters,phone_number,precipitation,rating,requested_slots,service"
sgd/dstc8-schema-guided-dialogue-master/train/dialogues_049.json,3662320,fa48932032d150414a97d12f9cde4d1ac00bcc593bb30c43a45f2b802f293ed5,.json,KETOD upstream SGD,train,"top_level=array; sample_keys=act,actions,active_intent,canonical_values,city,date,destination_city,dialogue_id,exclusive_end,frames,humidity,method,parameters,precipitation,requested_slots,service,service_call,service_results,services,slot"
sgd/dstc8-schema-guided-dialogue-master/train/dialogues_050.json,3233186,40543b657e832ab34b4bb4733ecbf1e7d1f15566674e49191c70261d29490aba,.json,KETOD upstream SGD,train,"top_level=array; sample_keys=act,actions,active_intent,album,artist,canonical_values,dialogue_id,exclusive_end,frames,genre,method,parameters,playback_device,requested_slots,service,service_call,service_results,services,slot,slot_values"
sgd/dstc8-schema-guided-dialogue-master/train/dialogues_051.json,3924048,e8eef63422e756f420c60ddfd3bcae3fc5caddf3370c31fa7fa3648a3579bbdc,.json,KETOD upstream SGD,train,"top_level=array; sample_keys=act,actions,active_intent,album,artist,canonical_values,dialogue_id,exclusive_end,frames,genre,method,parameters,playback_device,requested_slots,service,service_call,service_results,services,slot,slot_values"
sgd/dstc8-schema-guided-dialogue-master/train/dialogues_052.json,4652256,6736abeb95425a570f6ae5b1dd75967849957cabbdc550a9372a9a7646aba898,.json,KETOD upstream SGD,train,"top_level=array; sample_keys=act,actions,active_intent,canonical_values,dialogue_id,dropoff_date,exclusive_end,frames,pickup_date,pickup_location,pickup_time,requested_slots,service,services,slot,slot_values,slots,speaker,start,state"
sgd/dstc8-schema-guided-dialogue-master/train/dialogues_053.json,4363710,2825a26dbed8e7aba44677fd2f387d131991921506a5c8647a75c1c905571491,.json,KETOD upstream SGD,train,"top_level=array; sample_keys=act,actions,active_intent,canonical_values,check_in_date,check_out_date,dialogue_id,exclusive_end,frames,hotel_name,location,requested_slots,service,services,slot,slot_values,slots,speaker,start,state"
sgd/dstc8-schema-guided-dialogue-master/train/dialogues_054.json,4313652,68e7ed4999fc4f21615e9f61a613309ab0560ed53e5e5837ccb96956ee2c5c2f,.json,KETOD upstream SGD,train,"top_level=array; sample_keys=act,actions,active_intent,airlines,canonical_values,departure_date,destination_airport,destination_city,dialogue_id,exclusive_end,frames,method,number_stops,origin_airport,origin_city,outbound_arrival_time,outbound_departure_time,parameters,passengers,price"
sgd/dstc8-schema-guided-dialogue-master/train/dialogues_055.json,4290683,c1e4d78a6137b9e3232f0d8a0045f81ac0bbda937cc6187621406f6279885034,.json,KETOD upstream SGD,train,"top_level=array; sample_keys=act,actions,active_intent,airlines,canonical_values,departure_date,destination,destination_airport,dialogue_id,exclusive_end,fare,frames,is_redeye,method,number_stops,origin,origin_airport,outbound_arrival_time,outbound_departure_time,parameters"
sgd/dstc8-schema-guided-dialogue-master/train/dialogues_056.json,4518344,b4c4293c6cc1eea766025b0ba658e52070d6ef743afb73b1fb5531d280776977,.json,KETOD upstream SGD,train,"top_level=array; sample_keys=act,actions,active_intent,airlines,canonical_values,departure_date,destination_airport,destination_city,dialogue_id,exclusive_end,frames,method,number_stops,origin_airport,origin_city,parameters,passengers,requested_slots,service,service_call"
sgd/dstc8-schema-guided-dialogue-master/train/dialogues_057.json,4124305,7586422916e6f7c943b97b304f2724e6eefbe4ee1dd42b9d45413c1fc457cfc2,.json,KETOD upstream SGD,train,"top_level=array; sample_keys=act,actions,active_intent,airlines,canonical_values,departure_date,destination_airport,destination_city,dialogue_id,exclusive_end,frames,method,number_stops,origin_airport,origin_city,outbound_arrival_time,outbound_departure_time,parameters,passengers,price"
sgd/dstc8-schema-guided-dialogue-master/train/dialogues_058.json,4405722,7ff43d0030fa5f32eb92aa87f3b4086d760d55ebefe0318b17ccf6c11795556e,.json,KETOD upstream SGD,train,"top_level=array; sample_keys=act,actions,active_intent,airlines,canonical_values,departure_date,destination_airport,destination_city,dialogue_id,exclusive_end,frames,inbound_arrival_time,inbound_departure_time,method,number_stops,origin_airport,origin_city,outbound_arrival_time,outbound_departure_time,parameters"
sgd/dstc8-schema-guided-dialogue-master/train/dialogues_059.json,3947089,d5597d0c8e9a904aeeb722e8d8c3a8d15a92eacf1713241fe9c05bd470b625a5,.json,KETOD upstream SGD,train,"top_level=array; sample_keys=act,actions,active_intent,airlines,canonical_values,departure_date,destination_city,dialogue_id,exclusive_end,frames,method,origin_city,parameters,requested_slots,return_date,seating_class,service,service_call,services,slot"
sgd/dstc8-schema-guided-dialogue-master/train/dialogues_060.json,4571269,12d510c5644954820f48eb80601d599722672f6759aefdd7774d55d6b509f333,.json,KETOD upstream SGD,train,"top_level=array; sample_keys=act,actions,active_intent,airlines,canonical_values,departure_date,destination_airport,destination_city,dialogue_id,exclusive_end,frames,inbound_arrival_time,inbound_departure_time,method,number_stops,origin_airport,origin_city,outbound_arrival_time,outbound_departure_time,parameters"
sgd/dstc8-schema-guided-dialogue-master/train/dialogues_061.json,3331178,1b1b9c6c8a8113f49e18998512f7d5fea2141be7bec48aac201f306586ac15ce,.json,KETOD upstream SGD,train,"top_level=array; sample_keys=act,actions,active_intent,canonical_values,city_of_event,date,dialogue_id,event_name,exclusive_end,frames,method,number_of_seats,parameters,requested_slots,service,service_call,services,slot,slot_values,slots"
sgd/dstc8-schema-guided-dialogue-master/train/dialogues_062.json,3827504,4c4d76ffc33419e835087d081ff1d469f0b9e65b8d5c372b43d4680c286bbd45,.json,KETOD upstream SGD,train,"top_level=array; sample_keys=act,actions,active_intent,average_rating,canonical_values,city,dialogue_id,exclusive_end,frames,is_unisex,method,parameters,phone_number,requested_slots,service,service_call,service_results,services,slot,slot_values"
sgd/dstc8-schema-guided-dialogue-master/train/dialogues_063.json,3405227,ab015c005d3e1d26bdcd970aee1992d7084453d57f82e2be9795846157eb8fa9,.json,KETOD upstream SGD,train,"top_level=array; sample_keys=act,actions,active_intent,address,area,canonical_values,dialogue_id,exclusive_end,frames,furnished,method,number_of_baths,number_of_beds,parameters,pets_allowed,phone_number,property_name,rent,requested_slots,service"
sgd/dstc8-schema-guided-dialogue-master/train/dialogues_064.json,2909404,ac2fac08f9f1673be6bd1cf6cec44dbd8d35861f658567313ef8d7b7f8c1908c,.json,KETOD upstream SGD,train,"top_level=array; sample_keys=act,actions,active_intent,canonical_values,dialogue_id,exclusive_end,frames,genre,location,method,movie_name,parameters,price,requested_slots,service,service_call,service_results,services,show_date,show_time"
sgd/dstc8-schema-guided-dialogue-master/train/dialogues_065.json,2617451,a9bd32fb9cce88b4bd0a4a11b136423401ba6e14fb5be306fe1eda9e485e8760,.json,KETOD upstream SGD,train,"top_level=array; sample_keys=act,actions,active_intent,album,artist,canonical_values,dialogue_id,exclusive_end,frames,genre,method,parameters,playback_device,requested_slots,service,service_call,service_results,services,slot,slot_values"
sgd/dstc8-schema-guided-dialogue-master/train/dialogues_066.json,4602133,9b6145e988296f133c5414db17798098b97ef01bda44b7b1740ade97c268770e,.json,KETOD upstream SGD,train,"top_level=array; sample_keys=act,actions,active_intent,canonical_values,city,cuisine,dialogue_id,exclusive_end,frames,has_live_music,method,parameters,phone_number,price_range,requested_slots,restaurant_name,serves_alcohol,service,service_call,service_results"
sgd/dstc8-schema-guided-dialogue-master/train/dialogues_067.json,3561936,d16cfeda3585639f9ccbac0b5d1fa5c755d9b87bafa95ac737ddd40d7b1fe7a7,.json,KETOD upstream SGD,train,"top_level=array; sample_keys=act,actions,active_intent,canonical_values,city,date,dialogue_id,event_name,exclusive_end,frames,method,number_of_tickets,parameters,requested_slots,service,service_call,service_results,services,slot,slot_values"
sgd/dstc8-schema-guided-dialogue-master/train/dialogues_068.json,4761708,ba2f245f26ba2c13463d34f8a8d1635347974a9f0e423bda53ca4bc15fb82a17,.json,KETOD upstream SGD,train,"top_level=array; sample_keys=act,actions,active_intent,canonical_values,dialogue_id,exclusive_end,fare,frames,from_location,from_station,leaving_date,leaving_time,method,parameters,requested_slots,service,service_call,service_results,services,slot"
sgd/dstc8-schema-guided-dialogue-master/train/dialogues_069.json,3806392,319035b2843a089f352f2e7fbb06544c7d68d86ebbba57ebc3bbf3725c07a9cd,.json,KETOD upstream SGD,train,"top_level=array; sample_keys=act,actions,active_intent,attraction_name,canonical_values,category,dialogue_id,exclusive_end,frames,free_entry,good_for_kids,location,method,parameters,phone_number,requested_slots,service,service_call,service_results,services"
sgd/dstc8-schema-guided-dialogue-master/train/dialogues_070.json,5178701,ca37b41fefd5af07b4d9fba75c3268d6831f2ce49f5bf4e6d5412e39c764f0a8,.json,KETOD upstream SGD,train,"top_level=array; sample_keys=act,actions,active_intent,canonical_values,departure_date,departure_time,destination,destination_station_name,dialogue_id,exclusive_end,fare_type,frames,group_size,method,origin,origin_station_name,parameters,price,requested_slots,service"
sgd/dstc8-schema-guided-dialogue-master/train/dialogues_071.json,4438526,59a78ab61ef8e419c7c2791e028db3704254a196f73e79a890274f09e7e65801,.json,KETOD upstream SGD,train,"top_level=array; sample_keys=act,actions,active_intent,canonical_values,dialogue_id,exclusive_end,frames,genre,location,method,movie_name,parameters,price,requested_slots,service,service_call,service_results,services,show_date,show_type"
sgd/dstc8-schema-guided-dialogue-master/train/dialogues_072.json,5743859,c0e8dd91f70c150ef02118b15152da7f973dcf261112a1604bfa4823d276829c,.json,KETOD upstream SGD,train,"top_level=array; sample_keys=act,actions,active_intent,canonical_values,dialogue_id,exclusive_end,frames,genre,location,method,movie_name,parameters,price,requested_slots,service,service_call,service_results,services,show_date,show_type"
sgd/dstc8-schema-guided-dialogue-master/train/dialogues_073.json,6231204,e2b9aa0843a8cdfabaf24fecae2bf4b280ea8aed75670d6e955d25df58dc8494,.json,KETOD upstream SGD,train,"top_level=array; sample_keys=act,actions,active_intent,airlines,canonical_values,departure_date,destination_airport,destination_city,dialogue_id,exclusive_end,frames,inbound_arrival_time,inbound_departure_time,method,number_stops,origin_airport,origin_city,outbound_arrival_time,outbound_departure_time,parameters"
sgd/dstc8-schema-guided-dialogue-master/train/dialogues_074.json,5806688,0c4fd25b8d66f46ee5a8332410a093473dc57655e1edc2e59ec1d53e2e1a7756,.json,KETOD upstream SGD,train,"top_level=array; sample_keys=act,actions,active_intent,canonical_values,city,date,dialogue_id,event_name,exclusive_end,frames,method,parameters,requested_slots,service,service_call,service_results,services,slot,slot_values,slots"
sgd/dstc8-schema-guided-dialogue-master/train/dialogues_075.json,4914317,4e1ce624c664a402ee31f69083fc263346aef3ed70d866dc940f4565c1c3e9b8,.json,KETOD upstream SGD,train,"top_level=array; sample_keys=act,actions,active_intent,airlines,canonical_values,departure_date,destination_airport,destination_city,dialogue_id,exclusive_end,frames,inbound_arrival_time,inbound_departure_time,method,number_stops,origin_airport,origin_city,outbound_arrival_time,outbound_departure_time,parameters"
sgd/dstc8-schema-guided-dialogue-master/train/dialogues_076.json,4520378,72567237e51a2282a34d66acbc6beeb23b400f29da404d98de6f796686c720ec,.json,KETOD upstream SGD,train,"top_level=array; sample_keys=act,actions,active_intent,average_rating,canonical_values,city,dialogue_id,exclusive_end,frames,is_unisex,method,parameters,phone_number,requested_slots,service,service_call,service_results,services,slot,slot_values"
sgd/dstc8-schema-guided-dialogue-master/train/dialogues_077.json,4380935,2ec1a3ed1a85498992f4fcfecbd8e9a6b4a72968b8da4cd3502d170edffd9437,.json,KETOD upstream SGD,train,"top_level=array; sample_keys=act,actions,active_intent,appointment_date,average_rating,canonical_values,city,dialogue_id,exclusive_end,frames,is_unisex,method,parameters,phone_number,requested_slots,service,service_call,service_results,services,slot"
sgd/dstc8-schema-guided-dialogue-master/train/dialogues_078.json,5051676,288a96936c4426a40e50eb6e220a93cce32177827b416f656c4c78e43aebad16,.json,KETOD upstream SGD,train,"top_level=array; sample_keys=act,actions,active_intent,address_of_location,canonical_values,city_of_event,date,dialogue_id,event_location,event_name,exclusive_end,frames,method,number_of_seats,parameters,requested_slots,service,service_call,service_results,services"
sgd/dstc8-schema-guided-dialogue-master/train/dialogues_079.json,5157890,a2817b6b744c4a03fb4f5cf36100a233ea0af7d96b784b237ea9ab1dd3dd4aad,.json,KETOD upstream SGD,train,"top_level=array; sample_keys=act,actions,active_intent,average_rating,canonical_values,city,dialogue_id,doctor_name,exclusive_end,frames,method,parameters,phone_number,requested_slots,service,service_call,service_results,services,slot,slot_values"
sgd/dstc8-schema-guided-dialogue-master/train/dialogues_080.json,5429441,4b166ba32851d5164271d83ed671135682c344aca1ffa4095c1b38cd63a89600,.json,KETOD upstream SGD,train,"top_level=array; sample_keys=act,actions,active_intent,average_rating,canonical_values,city,destination,dialogue_id,doctor_name,exclusive_end,frames,method,parameters,phone_number,requested_slots,ride_type,service,service_call,service_results,services"
sgd/dstc8-schema-guided-dialogue-master/train/dialogues_081.json,6213747,b34c8b63682242361d30ca5ced6d1a55719f4ed8f151f2a52854b61831e5a45c,.json,KETOD upstream SGD,train,"top_level=array; sample_keys=act,actions,active_intent,canonical_values,dialogue_id,exclusive_end,fare,frames,from_location,from_station,leaving_date,leaving_time,method,parameters,requested_slots,service,service_call,service_results,services,slot"
sgd/dstc8-schema-guided-dialogue-master/train/dialogues_082.json,5830819,11751fd14c9580880d1b3157e10103477cd9a7333a689eda89c6f00a21660da6,.json,KETOD upstream SGD,train,"top_level=array; sample_keys=act,actions,active_intent,canonical_values,destination,dialogue_id,exclusive_end,frames,has_wifi,hotel_name,method,number_of_rooms,parameters,phone_number,price_per_night,requested_slots,service,service_call,service_results,services"
sgd/dstc8-schema-guided-dialogue-master/train/dialogues_083.json,5865254,c4b2d5f1bbdbe6b53fd96d3fde936c66ecfe35674cae3c79e207c0b1c397616e,.json,KETOD upstream SGD,train,"top_level=array; sample_keys=act,actions,active_intent,canonical_values,city,cuisine,dialogue_id,exclusive_end,frames,genre,location,method,movie_name,parameters,price,price_range,requested_slots,service,service_call,service_results"
sgd/dstc8-schema-guided-dialogue-master/train/dialogues_084.json,5636581,f728459cbdbb4f69f87dfbc00af0584b9a44b841a568717e7dab7c3146f492cb,.json,KETOD upstream SGD,train,"top_level=array; sample_keys=act,actions,active_intent,canonical_values,city,cuisine,dialogue_id,exclusive_end,frames,has_live_music,method,parameters,phone_number,price_range,requested_slots,restaurant_name,serves_alcohol,service,service_call,service_results"
sgd/dstc8-schema-guided-dialogue-master/train/dialogues_085.json,4471455,f22be96c2ff0a95c4c883a64f9677e0a0106fac25ea42a523df91700ead7bfa3,.json,KETOD upstream SGD,train,"top_level=array; sample_keys=act,actions,active_intent,attraction_name,canonical_values,category,dialogue_id,exclusive_end,frames,free_entry,good_for_kids,location,method,parameters,phone_number,requested_slots,service,service_call,service_results,services"
sgd/dstc8-schema-guided-dialogue-master/train/dialogues_086.json,3159341,c1ebb9b572cd00cc4ec09e7ad775aadec6310e2fe1cc064e0ed18480992a04a4,.json,KETOD upstream SGD,train,"top_level=array; sample_keys=act,actions,active_intent,canonical_values,city,date,dialogue_id,event_name,exclusive_end,frames,number_of_tickets,requested_slots,service,services,slot,slot_values,slots,speaker,start,state"
sgd/dstc8-schema-guided-dialogue-master/train/dialogues_087.json,3701611,1b95dda470d3f0809bbbeb86cb99a9a322a81fd1a96e96735d953d5409331810,.json,KETOD upstream SGD,train,"top_level=array; sample_keys=act,actions,active_intent,address,area,canonical_values,dialogue_id,exclusive_end,frames,furnished,method,number_of_baths,number_of_beds,parameters,pets_allowed,phone_number,property_name,rent,requested_slots,service"
sgd/dstc8-schema-guided-dialogue-master/train/dialogues_088.json,4065936,cbb055520fdd1d7cfffe7b911829a00774cc8190c2d07cb29787cca7f5d51fbf,.json,KETOD upstream SGD,train,"top_level=array; sample_keys=act,actions,active_intent,address,area,canonical_values,dialogue_id,exclusive_end,frames,furnished,method,number_of_baths,number_of_beds,parameters,pets_allowed,phone_number,property_name,rent,requested_slots,service"
sgd/dstc8-schema-guided-dialogue-master/train/dialogues_089.json,3993512,357d12d7b5fcc9a2414cafc3a9bf6b31449b1f11474d16be5b7747e1999423b4,.json,KETOD upstream SGD,train,"top_level=array; sample_keys=act,actions,active_intent,canonical_values,departure_date,departure_time,destination,destination_station_name,dialogue_id,exclusive_end,fare_type,frames,group_size,method,origin,origin_station_name,parameters,price,requested_slots,service"
sgd/dstc8-schema-guided-dialogue-master/train/dialogues_090.json,3272770,78310f5e8e4c5a48cb600d36ba762448d13ab15e820aa5f56cc6f25994b6902a,.json,KETOD upstream SGD,train,"top_level=array; sample_keys=act,actions,active_intent,attraction_name,canonical_values,category,dialogue_id,exclusive_end,frames,free_entry,from_location,good_for_kids,leaving_date,location,method,parameters,phone_number,requested_slots,service,service_call"
sgd/dstc8-schema-guided-dialogue-master/train/dialogues_091.json,2935497,c80f229312047567f61db69223c79e1921662f88f63f9718a1ec51b5204612b0,.json,KETOD upstream SGD,train,"top_level=array; sample_keys=act,actions,active_intent,attraction_name,canonical_values,category,city,date,dialogue_id,exclusive_end,frames,free_entry,good_for_kids,humidity,location,method,parameters,phone_number,precipitation,requested_slots"
sgd/dstc8-schema-guided-dialogue-master/train/dialogues_092.json,3236069,b9656f9135cefd1fe1bd175f4b45d74c2c2a558137a1f2d509771ccf7e8aff4b,.json,KETOD upstream SGD,train,"top_level=array; sample_keys=act,actions,active_intent,attraction_name,canonical_values,category,dialogue_id,exclusive_end,frames,free_entry,good_for_kids,location,method,parameters,phone_number,requested_slots,service,service_call,service_results,services"
sgd/dstc8-schema-guided-dialogue-master/train/dialogues_093.json,4260445,fb6ec8f4c975d7bf7e5a18645ef16614a393dab96e623074410ff5bd9a60d8ca,.json,KETOD upstream SGD,train,"top_level=array; sample_keys=act,actions,active_intent,attraction_name,canonical_values,category,dialogue_id,exclusive_end,frames,free_entry,good_for_kids,location,method,parameters,phone_number,requested_slots,service,service_call,service_results,services"
sgd/dstc8-schema-guided-dialogue-master/train/dialogues_094.json,4422048,309f412040022ca48c75c7b980fd65ff3f93e9c486305e2cd29a2bafbb57d7b0,.json,KETOD upstream SGD,train,"top_level=array; sample_keys=act,actions,active_intent,canonical_values,departure_date,departure_time,destination,dialogue_id,exclusive_end,frames,group_size,origin,requested_slots,service,services,slot,slot_values,slots,speaker,start"
sgd/dstc8-schema-guided-dialogue-master/train/dialogues_095.json,3956055,0411f940d9e3f659c6ab1037e14094612d088b9ee98a62043658fe1b76fa700f,.json,KETOD upstream SGD,train,"top_level=array; sample_keys=act,actions,active_intent,canonical_values,dialogue_id,exclusive_end,fare,frames,from_location,from_station,leaving_date,leaving_time,method,parameters,requested_slots,service,service_call,service_results,services,slot"
sgd/dstc8-schema-guided-dialogue-master/train/dialogues_096.json,3550934,8d004b5c6a865428bf25093356f46a0a84b4bd3b749f4172f9d0e606a6d70217,.json,KETOD upstream SGD,train,"top_level=array; sample_keys=act,actions,active_intent,canonical_values,category,city,date,dialogue_id,event_name,event_type,exclusive_end,frames,method,parameters,requested_slots,service,service_call,service_results,services,slot"
sgd/dstc8-schema-guided-dialogue-master/train/dialogues_097.json,2587709,ac32e0ccd38e439655ef8a6fc5436e5d14c5dbcf44faeb1fac48b17e3a7bad34,.json,KETOD upstream SGD,train,"top_level=array; sample_keys=act,actions,active_intent,address_of_location,canonical_values,category,city_of_event,date,dialogue_id,event_location,event_name,exclusive_end,frames,method,parameters,requested_slots,service,service_call,service_results,services"
sgd/dstc8-schema-guided-dialogue-master/train/dialogues_098.json,4138095,b08094174ff819f259ea64c199e8d3c5141006b11e00b428be21d5b7e452bc0b,.json,KETOD upstream SGD,train,"top_level=array; sample_keys=act,actions,active_intent,canonical_values,category,city,date,dialogue_id,event_name,event_type,exclusive_end,frames,method,parameters,requested_slots,service,service_call,service_results,services,slot"
sgd/dstc8-schema-guided-dialogue-master/train/dialogues_099.json,3326260,fb7110d90b179fe43eaee15393422ae7fb0d522190a69495023f0cf9cadebcbb,.json,KETOD upstream SGD,train,"top_level=array; sample_keys=act,actions,active_intent,address_of_location,canonical_values,category,city_of_event,date,dialogue_id,event_location,event_name,exclusive_end,frames,method,parameters,requested_slots,service,service_call,service_results,services"
sgd/dstc8-schema-guided-dialogue-master/train/dialogues_100.json,3680526,4cdafb648909b34c0f609e61f5c4db5511a880e3d4ba7c726bf4e78e3fe09590,.json,KETOD upstream SGD,train,"top_level=array; sample_keys=act,actions,active_intent,address_of_location,canonical_values,category,city_of_event,date,dialogue_id,event_location,event_name,exclusive_end,frames,method,parameters,requested_slots,service,service_call,service_results,services"
sgd/dstc8-schema-guided-dialogue-master/train/dialogues_101.json,3666647,142dc7b5452d6aaafb25fa9637b3f5126ac83194b907016af5e85659220d9cba,.json,KETOD upstream SGD,train,"top_level=array; sample_keys=act,actions,active_intent,available_end_time,available_start_time,canonical_values,category,city_of_event,date,dialogue_id,event_date,exclusive_end,frames,method,parameters,requested_slots,service,service_call,service_results,services"
sgd/dstc8-schema-guided-dialogue-master/train/dialogues_102.json,2915285,15da667bc211a0abb82203184c09e19756cff59feecf1e8578632854254af05e,.json,KETOD upstream SGD,train,"top_level=array; sample_keys=act,actions,active_intent,attraction_name,available_end_time,available_start_time,canonical_values,category,dialogue_id,event_date,exclusive_end,frames,free_entry,good_for_kids,location,method,parameters,phone_number,requested_slots,service"
sgd/dstc8-schema-guided-dialogue-master/train/dialogues_103.json,3411929,8c5b4c3df6b7fb43e74b745bca2cfff0b2555be20d13859e6c6c502bb1f27326,.json,KETOD upstream SGD,train,"top_level=array; sample_keys=act,actions,active_intent,attraction_name,canonical_values,category,dialogue_id,exclusive_end,frames,free_entry,good_for_kids,location,method,parameters,phone_number,requested_slots,service,service_call,service_results,services"
sgd/dstc8-schema-guided-dialogue-master/train/dialogues_104.json,4507712,4e02e3fc67c89d50365feaa2a1424bf5a8de5edaef02f3191cc35cf46918f8b2,.json,KETOD upstream SGD,train,"top_level=array; sample_keys=act,actions,active_intent,address_of_location,canonical_values,category,city_of_event,date,dialogue_id,event_location,event_name,exclusive_end,frames,method,parameters,requested_slots,service,service_call,service_results,services"
sgd/dstc8-schema-guided-dialogue-master/train/dialogues_105.json,3973765,fdf5795a36fe9b59721df5a3d35fe37efdc5d555573ee4f9a939409d737c7376,.json,KETOD upstream SGD,train,"top_level=array; sample_keys=act,actions,active_intent,canonical_values,category,city,date,destination,dialogue_id,event_name,event_type,exclusive_end,frames,has_wifi,hotel_name,method,number_of_rooms,parameters,phone_number,price_per_night"
sgd/dstc8-schema-guided-dialogue-master/train/dialogues_106.json,3193259,98b72cb9cea0b320fbc58e80977d48879005159156d4e7c19b7905a6723f3d5f,.json,KETOD upstream SGD,train,"top_level=array; sample_keys=act,actions,active_intent,canonical_values,city,date,dialogue_id,exclusive_end,frames,party_size,requested_slots,restaurant_name,service,services,slot,slot_values,slots,speaker,start,state"
sgd/dstc8-schema-guided-dialogue-master/train/dialogues_107.json,2846725,ae315294f293e65edbdd58f0476c8693605a791872db840788e334f637df9b4c,.json,KETOD upstream SGD,train,"top_level=array; sample_keys=act,actions,active_intent,canonical_values,dialogue_id,exclusive_end,frames,genre,location,method,movie_name,parameters,price,requested_slots,service,service_call,service_results,services,show_type,slot"
sgd/dstc8-schema-guided-dialogue-master/train/dialogues_108.json,3266423,584a1c096b49fac0b66d8ba08f39ca2cef41d93c98851f1b10e86cf995170b1e,.json,KETOD upstream SGD,train,"top_level=array; sample_keys=act,actions,active_intent,canonical_values,dialogue_id,directed_by,exclusive_end,frames,genre,method,parameters,requested_slots,service,service_call,service_results,services,slot,slot_values,slots,speaker"
sgd/dstc8-schema-guided-dialogue-master/train/dialogues_109.json,3748197,ec28252137a7ceae1a3843bf39d3c9a78a4bd139b13c70165982b0c05c391502,.json,KETOD upstream SGD,train,"top_level=array; sample_keys=act,actions,active_intent,address,appointment_time,canonical_values,city,dentist_name,dialogue_id,exclusive_end,frames,method,offers_cosmetic_services,parameters,phone_number,requested_slots,service,service_call,service_results,services"
sgd/dstc8-schema-guided-dialogue-master/train/dialogues_110.json,3584141,48f2d6256d96385350e1b58e7cc3b499f1be78584790250e89d9d0d11cc03dd0,.json,KETOD upstream SGD,train,"top_level=array; sample_keys=act,actions,active_intent,address,canonical_values,city,dentist_name,dialogue_id,exclusive_end,frames,method,offers_cosmetic_services,parameters,phone_number,requested_slots,service,service_call,service_results,services,slot"
sgd/dstc8-schema-guided-dialogue-master/train/dialogues_111.json,3628127,740087b7e2a5305c4ef16a7227dcc61f9af3cf054690ee682a823070a9e2b2c1,.json,KETOD upstream SGD,train,"top_level=array; sample_keys=act,actions,active_intent,canonical_values,city_of_event,date,dialogue_id,event_name,exclusive_end,frames,number_of_seats,requested_slots,service,services,slot,slot_values,slots,speaker,start,state"
sgd/dstc8-schema-guided-dialogue-master/train/dialogues_112.json,3276752,0120d9160a30b1b15c21613122250d2a036609b0ba1e3ed33b5b396c4161e10d,.json,KETOD upstream SGD,train,"top_level=array; sample_keys=act,actions,active_intent,address,canonical_values,city,dentist_name,dialogue_id,exclusive_end,frames,method,offers_cosmetic_services,parameters,phone_number,requested_slots,service,service_call,service_results,services,slot"
sgd/dstc8-schema-guided-dialogue-master/train/dialogues_113.json,2381966,895cbdca09acff80c6a194dc44a293fd6875390ad5899720bc98f004eca7d99b,.json,KETOD upstream SGD,train,"top_level=array; sample_keys=act,actions,active_intent,canonical_values,city,cuisine,dialogue_id,exclusive_end,frames,has_live_music,method,parameters,phone_number,price_range,requested_slots,restaurant_name,serves_alcohol,service,service_call,service_results"
sgd/dstc8-schema-guided-dialogue-master/train/dialogues_114.json,3487920,619616f5a4d46200105dc2ea3ce1b1c131051edf57ca64b495f693cd8eafb4f4,.json,KETOD upstream SGD,train,"top_level=array; sample_keys=act,actions,active_intent,canonical_values,city,cuisine,dialogue_id,exclusive_end,frames,has_live_music,method,parameters,phone_number,price_range,requested_slots,restaurant_name,serves_alcohol,service,service_call,service_results"
sgd/dstc8-schema-guided-dialogue-master/train/dialogues_115.json,3765731,3bb6c375846127053c01d51a0e6509eddfaad47f6d2a2bb3a7cfee65120bec32,.json,KETOD upstream SGD,train,"top_level=array; sample_keys=act,actions,active_intent,canonical_values,city,cuisine,dialogue_id,exclusive_end,frames,has_live_music,method,parameters,phone_number,price_range,requested_slots,restaurant_name,serves_alcohol,service,service_call,service_results"
sgd/dstc8-schema-guided-dialogue-master/train/dialogues_116.json,3949443,c0c409d8a0cf74e37a59d1843680501c245f91f9b28fea79c15a1e66195906ef,.json,KETOD upstream SGD,train,"top_level=array; sample_keys=act,actions,active_intent,canonical_values,city,cuisine,dialogue_id,exclusive_end,frames,has_live_music,method,parameters,phone_number,price_range,requested_slots,restaurant_name,serves_alcohol,service,service_call,service_results"
sgd/dstc8-schema-guided-dialogue-master/train/dialogues_117.json,5004609,b84563e3e581a1da03e48b780de326ad68f3004d225509d6ae89ea84b271a4c4,.json,KETOD upstream SGD,train,"top_level=array; sample_keys=act,actions,active_intent,canonical_values,city,date,dialogue_id,event_name,exclusive_end,frames,method,number_of_tickets,parameters,requested_slots,service,service_call,service_results,services,slot,slot_values"
sgd/dstc8-schema-guided-dialogue-master/train/dialogues_118.json,4705123,f8116cfa196a5e43b94c6c3657d8cf4e62c112a2f683d179ade4f13baac588fc,.json,KETOD upstream SGD,train,"top_level=array; sample_keys=act,actions,active_intent,canonical_values,car_name,dialogue_id,dropoff_date,exclusive_end,frames,method,parameters,pickup_city,pickup_date,pickup_location,pickup_time,requested_slots,service,service_call,service_results,services"
sgd/dstc8-schema-guided-dialogue-master/train/dialogues_119.json,4003507,b374904ff28881f08e7212296848c0bf9cc18a45195f4d982123f27aa3bd3a23,.json,KETOD upstream SGD,train,"top_level=array; sample_keys=act,actions,active_intent,canonical_values,car_name,dialogue_id,dropoff_date,exclusive_end,frames,method,parameters,pickup_city,pickup_date,pickup_location,pickup_time,requested_slots,service,service_call,service_results,services"
sgd/dstc8-schema-guided-dialogue-master/train/dialogues_120.json,3805349,d4565f5378c2205129b0c0a1feada548a62220c0a8e2b1caf6d234ffe463eab3,.json,KETOD upstream SGD,train,"top_level=array; sample_keys=act,actions,active_intent,canonical_values,car_name,dialogue_id,dropoff_date,exclusive_end,frames,method,parameters,pickup_city,pickup_date,pickup_location,pickup_time,requested_slots,service,service_call,service_results,services"
sgd/dstc8-schema-guided-dialogue-master/train/dialogues_121.json,4020882,952e6284dbacb2bebca8ba36ac3c942edb50d248b2395706facf6c95f3b84d1c,.json,KETOD upstream SGD,train,"top_level=array; sample_keys=act,actions,active_intent,canonical_values,car_name,car_type,dialogue_id,dropoff_date,exclusive_end,frames,method,parameters,pickup_city,pickup_date,pickup_location,pickup_time,requested_slots,service,service_call,service_results"
sgd/dstc8-schema-guided-dialogue-master/train/dialogues_122.json,3855293,d4d3b718ac0527099412df7774c873939060d65e82b09ba6a1bec593f5559349,.json,KETOD upstream SGD,train,"top_level=array; sample_keys=act,actions,active_intent,canonical_values,car_name,car_type,dialogue_id,dropoff_date,exclusive_end,frames,method,parameters,pickup_city,pickup_date,pickup_location,pickup_time,requested_slots,service,service_call,service_results"
sgd/dstc8-schema-guided-dialogue-master/train/dialogues_123.json,3773446,469b268f44aad6fb2bba4d271163d6c774234a80123e66204357b37d0619e2c2,.json,KETOD upstream SGD,train,"top_level=array; sample_keys=act,actions,active_intent,canonical_values,city,date,dialogue_id,event_date,event_name,exclusive_end,frames,method,parameters,requested_slots,service,service_call,service_results,services,slot,slot_values"
sgd/dstc8-schema-guided-dialogue-master/train/dialogues_124.json,3596271,8dd0418beb880f5f021c8466fc92233ef5992e8adcc6380a180f4107dfccf7f1,.json,KETOD upstream SGD,train,"top_level=array; sample_keys=act,actions,active_intent,canonical_values,city,date,dialogue_id,event_name,exclusive_end,frames,method,parameters,requested_slots,service,service_call,service_results,services,slot,slot_values,slots"
sgd/dstc8-schema-guided-dialogue-master/train/dialogues_125.json,1906912,45d59601652c9b648175125718b55e5d65b3567c09518c9d054f67bdc8b2eaba,.json,KETOD upstream SGD,train,"top_level=array; sample_keys=act,actions,active_intent,canonical_values,dialogue_id,event_date,event_location,event_name,event_time,exclusive_end,frames,method,parameters,requested_slots,service,service_call,service_results,services,slot,slot_values"
sgd/dstc8-schema-guided-dialogue-master/train/dialogues_126.json,2810251,ae4c17bab75be5eb1ec8738dedd72bd5d33657243068e657642259c8091269ac,.json,KETOD upstream SGD,train,"top_level=array; sample_keys=act,actions,active_intent,canonical_values,destination,dialogue_id,event_date,event_location,event_name,event_time,exclusive_end,frames,method,number_of_riders,parameters,requested_slots,service,service_call,service_results,services"
sgd/dstc8-schema-guided-dialogue-master/train/dialogues_127.json,2332220,ba42de75a55e27a239b238d94ece3c98e5b64a755e155a027d8a31e5fbf791dc,.json,KETOD upstream SGD,train,"top_level=array; sample_keys=act,actions,active_intent,approximate_ride_duration,canonical_values,destination,dialogue_id,exclusive_end,frames,method,number_of_riders,parameters,requested_slots,ride_fare,service,service_call,service_results,services,shared_ride,slot"
sgd/dstc8-schema-guided-dialogue-master/train/schema.json,75764,97b6c21673aa7e5c2d1ceef52aa35170c565223cdcbf33bb24c69739bda04a82,.json,KETOD upstream SGD,train,"top_level=array; sample_keys=description,fare_type,group_size,intents,is_categorical,is_transactional,name,optional_slots,possible_values,recipient_account_type,required_slots,result_slots,service_name,slots,travelers"
