ablation,best_C,default_macro_f1,default_f1_pos,default_f1_neg,optimal_threshold,tuned_macro_f1,tuned_f1_pos,tuned_f1_neg,gain
Position only,0.01,0.4916,0.2885,0.6947,0.6300000000000001,0.5591,0.2856,0.8327,0.0675
No position,0.01,0.4868,0.2835,0.69,0.6300000000000001,0.5647,0.265,0.8643,0.0779
Question only,0.01,0.4377,0.248,0.6273,0.5800000000000002,0.5044,0.0982,0.9105,0.0667
Length only,0.01,0.4652,0.2644,0.6659,0.6100000000000001,0.5575,0.254,0.861,0.0923
Full (10),1.0,0.5363,0.3282,0.7444,0.6700000000000002,0.606,0.3403,0.8718,0.0697
